household_size,annual_income_usd,electricity_kwh_per_month,natural_gas_therms_per_month,fuel_liters_per_month,food_spend_usd_per_month,meat_kg_per_month,waste_kg_per_month,public_transport_km_per_month,car_km_per_month,estimated_co2_kg_per_month,energy_per_person,food_per_person,waste_per_person,gas_per_person,fuel_per_person,car_per_person,meat_per_person,transport_ratio,high_meat_consumption,log_income,carbon_level
4,29397,1143.4,35.6,145.2,1147.93,7.06,57.1,42.1,368.9,1368.87,285.85,286.9825,14.275,8.9,36.3,92.225,1.765,8.559164733178653,0,10.288681923801933,medium
5,146800,542.0,145.7,163.6,1047.98,17.88,21.4,237.2,404.6,1996.21,108.4,209.596,4.279999999999999,29.139999999999997,32.72,80.92,3.5759999999999996,1.698572628043661,1,11.896833207128452,high
3,134180,434.3,27.1,42.7,1299.29,18.93,49.6,109.1,773.4,1181.96,144.76666666666668,433.09666666666664,16.533333333333335,9.033333333333333,14.233333333333334,257.8,6.31,7.024523160762943,1,11.80694491376462,low
5,81234,826.2,128.2,101.2,1100.24,17.85,24.8,94.1,102.3,1812.36,165.24,220.048,4.96,25.639999999999997,20.240000000000002,20.46,3.5700000000000003,1.0757097791798107,1,11.305101467763851,high
5,54954,579.2,73.8,168.1,758.91,8.39,54.6,496.4,795.6,1542.72,115.84,151.78199999999998,10.92,14.76,33.62,159.12,1.6780000000000002,1.5995174909529555,0,10.914269947503001,medium
2,94459,176.7,37.1,146.6,1074.86,15.61,66.1,25.1,1023.4,1348.14,88.35,537.43,33.05,18.55,73.3,511.7,7.805,39.21072796934865,1,11.455931743450108,medium
3,74163,314.0,130.6,108.4,558.0,9.53,63.4,251.5,966.6,1652.92,104.66666666666667,186.0,21.133333333333333,43.53333333333333,36.13333333333333,322.2,3.1766666666666663,3.8281188118811884,0,11.214034136217744,high
3,66934,901.8,66.8,118.1,598.21,9.95,62.1,100.9,765.6,1539.31,300.59999999999997,199.40333333333334,20.7,22.266666666666666,39.36666666666667,255.20000000000002,3.3166666666666664,7.5132482826300295,0,11.111477278219999,medium
3,69098,841.9,77.2,101.7,1225.68,4.09,19.1,527.6,1678.3,1509.16,280.6333333333333,408.56,6.366666666666667,25.733333333333334,33.9,559.4333333333333,1.3633333333333333,3.1749905410518346,0,11.143295537871015,medium
5,20486,178.5,53.9,59.5,780.35,11.82,11.6,334.2,290.7,923.13,35.7,156.07,2.32,10.78,11.9,58.14,2.364,0.8672434367541766,1,9.927545817629198,low
4,101900,383.1,88.9,113.0,1237.89,3.72,57.4,138.8,1011.4,1302.25,95.775,309.4725,14.35,22.225,28.25,252.85,0.93,7.234620886981401,0,11.531757032705352,low
3,141020,392.6,24.5,137.8,1269.15,6.63,32.6,301.5,124.1,900.23,130.86666666666667,423.05,10.866666666666667,8.166666666666666,45.93333333333334,41.36666666666667,2.21,0.4102479338842975,0,11.856664094440628,low
5,117795,855.5,58.7,174.7,1314.83,17.1,37.4,438.9,142.3,1666.81,171.1,262.966,7.4799999999999995,11.74,34.94,28.46,3.4200000000000004,0.32348260968401915,1,11.676709593765725,high
2,102508,170.7,145.4,127.3,1391.63,4.14,7.3,574.9,1147.7,1532.31,85.35,695.815,3.65,72.7,63.65,573.85,2.07,1.9928807084563294,0,11.537705878584026,medium
4,133324,259.3,38.7,152.2,760.28,1.42,24.5,132.3,1132.0,976.38,64.825,190.07,6.125,9.675,38.05,283.0,0.355,8.49212303075769,0,11.800545035468803,low
2,75566,989.9,98.5,32.0,614.53,1.38,7.5,531.7,1756.1,1444.01,494.95,307.265,3.75,49.25,16.0,878.05,0.69,3.296602215130467,0,11.232774958933794,medium
4,42192,337.5,48.8,92.3,956.86,18.82,70.9,560.6,1115.7,1512.46,84.375,239.215,17.725,12.2,23.075,278.925,4.705,1.9866452991452992,1,10.650009609487778,medium
5,16062,835.4,116.0,1.9,682.52,10.14,23.3,549.9,1919.6,1700.78,167.07999999999998,136.504,4.66,23.2,0.38,383.91999999999996,2.028,3.484479941913233,1,9.684273769557766,high
1,99076,400.1,19.6,49.3,981.4,8.19,46.8,381.2,97.4,742.6,400.1,981.4,46.8,19.6,49.3,97.4,8.19,0.2548403976975406,0,11.503652604582113,low
4,104780,254.4,145.5,145.3,1117.26,16.22,7.9,377.9,196.0,1736.3,63.6,279.315,1.975,36.375,36.325,49.0,4.055,0.5172868830826076,1,11.559627736722739,high
2,36689,405.3,68.1,198.4,1094.93,16.72,55.0,241.9,88.1,1577.13,202.65,547.465,27.5,34.05,99.2,44.05,8.36,0.36270069987649234,1,10.510259517349327,medium
5,26174,908.4,35.4,19.8,686.92,6.64,29.2,451.4,370.6,955.33,181.68,137.384,5.84,7.08,3.96,74.12,1.3279999999999998,0.819186560565871,0,10.172560035738737,low
4,103461,1048.5,11.0,80.3,416.92,13.87,72.3,318.8,1082.5,1421.86,262.125,104.23,18.075,2.75,20.075,270.625,3.4675,3.384928080050031,1,11.546959674513133,medium
1,141174,1021.7,25.5,160.0,759.69,15.42,71.6,406.5,1291.1,1760.09,1021.7,759.69,71.6,25.5,160.0,1291.1,15.42,3.168343558282208,1,11.857755534541038,high
1,118033,567.0,78.0,40.8,385.37,13.09,29.4,257.1,91.2,1190.83,567.0,385.37,29.4,78.0,40.8,91.2,13.09,0.35335141418055016,1,11.678727997537933,low
3,24348,851.5,50.6,111.0,1357.13,3.03,72.6,438.9,1891.9,1494.46,283.8333333333333,452.3766666666667,24.2,16.866666666666667,37.0,630.6333333333333,1.01,4.300750170493294,0,10.100246059905626,medium
3,53102,365.2,124.3,146.6,649.64,17.52,79.7,494.7,1684.3,2133.64,121.73333333333333,216.54666666666665,26.566666666666666,41.43333333333333,48.86666666666667,561.4333333333333,5.84,3.3978212628606013,1,10.879988702809266,high
2,89460,457.8,64.6,123.2,400.8,10.78,66.9,87.9,593.2,1351.07,228.9,200.4,33.45,32.3,61.6,296.6,5.39,6.672665916760405,1,11.401558055104555,medium
4,117634,1091.2,37.3,37.6,233.08,5.65,68.4,499.8,154.4,1089.37,272.8,58.27,17.1,9.325,9.4,38.6,1.4125,0.3083067092651757,0,11.67534188921452,low
4,104930,163.7,92.6,71.1,1039.57,8.5,23.7,324.2,339.8,1089.54,40.925,259.8925,5.925,23.15,17.775,84.95,2.125,1.0448954489544897,0,11.56105827026951,low
3,21801,239.8,106.0,156.8,1027.97,0.75,48.3,506.8,253.9,1225.05,79.93333333333334,342.6566666666667,16.099999999999998,35.333333333333336,52.26666666666667,84.63333333333334,0.25,0.5,0,9.989756987688304,low
4,118150,368.3,25.1,110.8,642.79,2.56,10.0,258.8,246.6,700.06,92.075,160.6975,2.5,6.275,27.7,61.65,0.64,0.9491916859122401,0,11.679718746396418,low
4,16542,177.9,25.1,1.0,293.23,15.31,12.1,227.4,1037.1,864.04,44.475,73.3075,3.025,6.275,0.25,259.275,3.8275,4.5407180385288965,1,9.713718330607016,low
1,36677,340.5,5.5,152.2,732.52,0.0,79.9,549.0,491.7,809.81,340.5,732.52,79.9,5.5,152.2,491.7,0.0,0.894,0,10.50993239925678,low
3,54081,762.2,110.5,7.1,604.58,8.33,29.5,150.7,716.3,1348.84,254.0666666666667,201.52666666666667,9.833333333333334,36.833333333333336,2.3666666666666667,238.76666666666665,2.776666666666667,4.721819380355965,0,10.89825669228154,medium
5,108105,592.5,99.6,149.1,1080.26,10.45,61.1,506.5,1979.0,1936.55,118.5,216.052,12.22,19.919999999999998,29.82,395.8,2.09,3.8995073891625616,1,11.590867506249813,high
3,34065,1087.3,71.2,40.5,987.51,1.09,65.5,290.4,1368.6,1360.27,362.43333333333334,329.17,21.833333333333332,23.733333333333334,13.5,456.2,0.36333333333333334,4.696636925188744,0,10.436055098420523,medium
5,103092,1008.3,126.6,191.6,673.97,19.46,69.4,308.5,1898.0,2576.25,201.66,134.794,13.88,25.32,38.32,379.6,3.8920000000000003,6.132471728594507,1,11.543386772452733,high
1,69693,508.9,120.9,73.6,483.26,4.52,79.8,185.1,285.1,1359.89,508.9,483.26,79.8,120.9,73.6,285.1,4.52,1.5319720580333156,0,11.151869509829469,medium
2,41962,422.4,87.8,65.4,1484.45,6.08,23.1,343.8,764.3,1175.64,211.2,742.225,11.55,43.9,32.7,382.15,3.04,2.2166473317865427,0,10.644543556617958,low
4,43295,548.7,130.2,29.8,790.2,6.08,8.0,195.1,1109.5,1396.65,137.175,197.55,2.0,32.55,7.45,277.375,1.52,5.657827638959715,0,10.675815530970514,medium
1,28807,769.8,30.9,61.1,1094.76,4.61,35.8,23.6,153.5,846.4,769.8,1094.76,35.8,30.9,61.1,153.5,4.61,6.239837398373983,0,10.268408405328712,low
4,147396,431.5,16.8,175.3,382.72,0.03,14.8,163.2,8.4,717.51,107.875,95.68,3.7,4.2,43.825,2.1,0.0075,0.05115712545676005,0,11.900884905748706,low
2,106267,805.4,40.5,199.3,831.27,14.59,6.7,3.8,1340.9,1674.67,402.7,415.635,3.35,20.25,99.65,670.45,7.295,279.3541666666667,1,11.573719484202817,high
2,34870,579.9,8.6,73.7,235.8,19.34,32.0,587.0,1283.6,1336.12,289.95,117.9,16.0,4.3,36.85,641.8,9.67,2.1829931972789116,1,10.459410817205152,medium
1,41790,729.6,79.7,89.7,857.09,4.49,63.8,579.4,821.6,1379.24,729.6,857.09,63.8,79.7,89.7,821.6,4.49,1.4155754651964163,0,10.640436284325322,medium
2,133874,607.9,140.5,144.4,1453.22,13.26,47.5,237.1,979.3,1984.36,303.95,726.61,23.75,70.25,72.2,489.65,6.63,4.112977740445191,1,11.80466180775005,high
5,40289,459.2,5.9,177.2,699.47,14.84,28.5,437.0,830.9,1282.49,91.84,139.894,5.7,1.1800000000000002,35.44,166.18,2.968,1.8970319634703197,1,10.603858578185394,low
2,30485,1145.9,18.3,118.6,250.69,16.97,54.1,207.5,48.0,1432.05,572.95,125.345,27.05,9.15,59.3,24.0,8.485,0.2302158273381295,1,10.325022840821786,medium
4,59482,951.8,67.8,78.3,240.24,8.45,22.4,402.7,670.7,1370.2,237.95,60.06,5.6,16.95,19.575,167.675,2.1125,1.6613822145157298,0,10.993445836423904,medium
4,101188,297.1,140.1,82.5,704.38,6.06,6.1,483.3,354.2,1342.62,74.275,176.095,1.525,35.025,20.625,88.55,1.515,0.7313648564939087,0,11.524745334275527,medium
4,19748,1061.9,47.4,139.1,408.03,6.51,62.3,568.1,196.8,1391.61,265.475,102.0075,15.575,11.85,34.775,49.2,1.6275,0.3458091723774381,0,9.890858136135986,medium
4,18709,661.8,76.1,0.6,230.36,14.25,51.8,240.1,1913.4,1547.42,165.45,57.59,12.95,19.025,0.15,478.35,3.5625,7.936126088759851,1,9.836813419268136,medium
5,138961,1089.3,6.2,123.9,1183.08,16.34,62.2,470.0,1198.7,1598.43,217.85999999999999,236.61599999999999,12.440000000000001,1.24,24.78,239.74,3.268,2.5450106157112526,1,11.841955793442386,medium
3,45355,989.8,22.3,71.1,796.08,3.63,7.9,159.6,1457.3,1101.41,329.93333333333334,265.36,2.6333333333333333,7.433333333333334,23.7,485.76666666666665,1.21,9.07409713574097,0,10.72229775109173,low
1,57918,596.5,148.0,158.8,576.02,7.42,67.8,594.2,630.7,1896.33,596.5,576.02,67.8,148.0,158.8,630.7,7.42,1.059643817204301,0,10.966800761717183,high
4,67224,173.6,144.8,18.6,1370.11,18.04,51.5,15.5,786.3,1614.93,43.4,342.5275,12.875,36.2,4.65,196.575,4.51,47.65454545454545,1,11.115800481137065,medium
2,54298,432.1,0.7,117.6,350.98,16.13,47.3,362.1,473.8,1099.4,216.05,175.49,23.65,0.35,58.8,236.9,8.065,1.3048746901679977,1,10.902261089546185,low
4,95219,718.7,142.8,96.2,1442.69,19.7,51.8,395.7,193.9,1976.35,179.675,360.6725,12.95,35.7,24.05,48.475,4.925,0.4887824552558609,1,11.46394528274851,high
2,76629,815.2,95.9,128.5,608.16,15.08,69.8,412.8,358.1,1783.34,407.6,304.08,34.9,47.95,64.25,179.05,7.54,0.8653939101014984,1,11.24674392396445,high
2,81040,420.8,130.2,13.0,1354.92,7.86,49.0,72.2,1595.0,1508.65,210.4,677.46,24.5,65.1,6.5,797.5,3.93,21.7896174863388,0,11.302710478431823,medium
4,43016,296.3,68.2,116.0,983.83,11.81,48.6,563.1,1355.1,1469.62,74.075,245.9575,12.15,17.05,29.0,338.775,2.9525,2.402233646516575,1,10.66935066538315,medium
5,38960,1026.7,77.3,112.3,1274.72,13.22,79.3,108.7,1093.9,1816.62,205.34,254.94400000000002,15.86,15.459999999999999,22.46,218.78000000000003,2.644,9.971741112123976,1,10.5703164247782,high
2,48591,1183.6,73.3,112.1,1479.22,1.57,61.8,373.7,950.2,1510.33,591.8,739.61,30.9,36.65,56.05,475.1,0.785,2.5358953829730453,0,10.79121418728553,medium
2,118333,702.0,100.0,120.7,574.93,10.89,38.2,133.6,1844.9,1830.45,351.0,287.465,19.1,50.0,60.35,922.45,5.445,13.706537890044578,1,11.68126641357639,high
4,129821,330.3,20.9,135.3,1449.48,14.19,58.1,184.3,145.5,1093.1,82.575,362.37,14.525,5.225,33.825,36.375,3.5475,0.7852131678359416,1,11.773919560415484,low
2,51395,435.9,4.5,161.0,706.33,3.35,34.2,327.9,561.2,866.47,217.95,353.165,17.1,2.25,80.5,280.6,1.675,1.7062937062937065,0,10.847315627403372,low
2,144695,169.3,46.2,54.0,701.17,15.61,22.2,250.3,699.9,1058.29,84.65,350.585,11.1,23.1,27.0,349.95,7.805,2.785117389574214,1,11.882390268837351,low
4,49620,1110.0,105.7,165.0,642.5,11.68,49.8,96.1,1564.9,2118.24,277.5,160.625,12.45,26.425,41.25,391.225,2.92,16.116374871266736,1,10.812169410206767,high
4,143148,273.6,30.3,99.7,903.83,19.04,74.6,102.6,1985.0,1543.6,68.4,225.9575,18.65,7.575,24.925,496.25,4.76,19.160231660231663,1,11.871641324822503,medium
1,35559,755.3,101.0,15.4,400.39,0.85,74.7,250.9,481.3,1157.98,755.3,400.39,74.7,101.0,15.4,481.3,0.85,1.9106788408098452,0,10.47897668962784,low
5,108396,437.8,145.5,11.7,919.82,5.31,30.6,454.4,1748.6,1555.36,87.56,183.964,6.12,29.1,2.34,349.71999999999997,1.0619999999999998,3.839701361440492,0,11.593555692327962,medium
5,36732,731.9,14.1,66.8,904.22,12.03,44.6,538.8,1661.2,1306.23,146.38,180.844,8.92,2.82,13.36,332.24,2.4059999999999997,3.077436087439793,1,10.511430812581505,low
2,106362,834.0,100.9,157.0,1190.47,5.93,20.9,50.5,449.3,1533.71,417.0,595.235,10.45,50.45,78.5,224.65,2.965,8.724271844660194,0,11.574613051051688,medium
5,28843,1021.2,66.6,141.5,1283.74,14.29,79.7,235.9,798.7,1809.32,204.24,256.748,15.940000000000001,13.319999999999999,28.3,159.74,2.8579999999999997,3.371464753060363,1,10.26965727803665,high
2,129065,366.7,130.2,157.7,772.57,15.18,78.6,60.1,819.3,1921.26,183.35,386.285,39.3,65.1,78.85,409.65,7.59,13.409165302782323,1,11.768079180413853,high
1,86726,161.5,26.6,103.5,593.03,2.05,53.7,10.0,1956.4,975.94,161.5,593.03,53.7,26.6,103.5,1956.4,2.05,177.85454545454547,0,11.370520532973021,low
4,32640,293.7,103.9,88.0,537.14,10.28,65.3,397.0,361.8,1376.32,73.425,134.285,16.325,25.975,22.0,90.45,2.57,0.9090452261306533,1,10.393324445863634,medium
4,67528,1095.0,125.7,29.5,453.01,10.18,58.6,361.5,1598.3,1910.36,273.75,113.2525,14.65,31.425,7.375,399.575,2.545,4.409103448275862,1,11.120312414225866,high
4,53413,1067.6,141.7,65.6,274.94,7.39,49.5,97.8,668.4,1773.4,266.9,68.735,12.375,35.425,16.4,167.1,1.8475,6.765182186234818,0,10.885828162871782,high
5,67638,777.3,102.5,86.8,645.18,18.66,9.0,140.3,1461.7,1881.05,155.45999999999998,129.036,1.8,20.5,17.36,292.34000000000003,3.732,10.344656758669498,1,11.12194001875184,high
1,125133,780.5,74.6,17.7,551.32,16.55,39.1,14.2,840.0,1441.51,780.5,551.32,39.1,74.6,17.7,840.0,16.55,55.26315789473684,1,11.73714044210275,medium
5,121357,848.3,92.7,44.1,1456.34,13.94,55.6,501.0,1156.7,1690.06,169.66,291.268,11.120000000000001,18.54,8.82,231.34,2.788,2.304183266932271,1,11.70650013399209,high
5,93859,334.1,130.3,119.6,925.02,14.29,55.8,584.8,1665.2,1964.22,66.82000000000001,185.004,11.16,26.060000000000002,23.919999999999998,333.04,2.8579999999999997,2.842608398770912,1,11.449559589348409,high
1,114657,1110.1,85.6,147.1,651.46,9.23,33.0,81.3,1608.3,1881.03,1110.1,651.46,33.0,85.6,147.1,1608.3,9.23,19.54191980558931,0,11.64970906343566,high
1,26023,589.7,4.6,199.7,954.61,18.42,75.6,138.9,1732.8,1710.07,589.7,954.61,75.6,4.6,199.7,1732.8,18.42,12.385989992852036,1,10.166774468153188,high
1,36447,552.3,139.6,186.6,380.96,13.89,17.6,521.0,119.2,1877.2,552.3,380.96,17.6,139.6,186.6,119.2,13.89,0.22835249042145594,1,10.503641866246909,high
1,140899,694.9,103.4,128.5,777.26,14.58,42.5,555.9,1384.1,1920.01,694.9,777.26,42.5,103.4,128.5,1384.1,14.58,2.4853654156940204,1,11.85580569788677,high
4,38959,199.3,101.5,84.2,1014.1,17.23,56.8,251.8,280.0,1459.18,49.825,253.525,14.2,25.375,21.05,70.0,4.3075,1.1075949367088607,1,10.57029075775647,medium
3,81203,324.6,32.4,127.2,835.57,5.48,57.3,30.4,831.6,1014.38,108.2,278.52333333333337,19.099999999999998,10.799999999999999,42.4,277.2,1.8266666666666669,26.48407643312102,0,11.304719786020225,low
3,134156,924.9,98.8,157.1,722.31,16.14,53.6,23.6,1097.2,2017.25,308.3,240.76999999999998,17.866666666666667,32.93333333333333,52.36666666666667,365.73333333333335,5.38,44.60162601626016,1,11.8067660348875,high
1,24337,236.9,59.1,23.7,1492.0,3.9,25.6,344.4,805.5,803.45,236.9,1492.0,25.6,59.1,23.7,805.5,3.9,2.3320787492762016,0,10.099794193896745,low
3,61427,783.3,97.7,82.0,1344.41,6.91,16.7,235.7,1039.2,1471.0,261.09999999999997,448.1366666666667,5.566666666666666,32.56666666666667,27.333333333333332,346.40000000000003,2.3033333333333332,4.390367553865653,0,11.025621036245584,medium
3,76529,407.6,16.0,168.0,1010.43,6.71,52.7,17.2,1993.1,1303.09,135.86666666666667,336.81,17.566666666666666,5.333333333333333,56.0,664.3666666666667,2.236666666666667,109.51098901098901,0,11.245438099803966,low
1,117023,558.8,98.7,76.8,940.19,19.57,49.9,350.0,270.4,1634.81,558.8,940.19,49.9,98.7,76.8,270.4,19.57,0.7703703703703703,1,11.670134320949108,high
3,99665,453.1,149.9,114.4,1006.86,17.13,18.5,6.8,1350.9,2003.46,151.03333333333333,335.62,6.166666666666667,49.96666666666667,38.13333333333333,450.3,5.71,173.1923076923077,1,11.509579874719131,high
5,120787,523.5,7.2,117.6,461.71,14.02,57.9,472.4,792.0,1204.98,104.7,92.342,11.58,1.44,23.52,158.4,2.804,1.673003802281369,1,11.701792221800186,low
2,48307,905.0,146.6,36.9,713.68,14.54,39.1,183.9,266.0,1770.0,452.5,356.84,19.55,73.3,18.45,133.0,7.27,1.4386154678204435,1,10.785352457395266,high
2,142016,462.0,61.0,72.4,251.3,11.24,55.1,24.2,317.5,1148.97,231.0,125.65,27.55,30.5,36.2,158.75,5.62,12.59920634920635,1,11.863702047727593,low
1,19835,744.7,130.6,66.9,818.21,18.94,67.8,353.0,1898.5,2186.61,744.7,818.21,67.8,130.6,66.9,1898.5,18.94,5.362994350282486,1,9.895253747609024,high
4,35159,649.9,117.4,5.2,905.93,9.93,17.7,238.6,1759.2,1564.21,162.475,226.4825,4.425,29.35,1.3,439.8,2.4825,7.342237061769616,0,10.467664351799113,medium
1,136790,846.9,85.1,4.8,496.07,7.61,6.4,584.3,1814.1,1432.58,846.9,496.07,6.4,85.1,4.8,1814.1,7.61,3.099436186570989,0,11.82620949253268,medium
4,120616,1133.7,110.8,166.3,1453.24,3.26,63.4,326.5,1983.1,2056.1,283.425,363.31,15.85,27.7,41.575,495.775,0.815,6.055267175572519,0,11.700375515198413,high
2,93752,919.2,131.8,54.6,1382.29,15.72,50.7,165.1,416.6,1818.35,459.6,691.145,25.35,65.9,27.3,208.3,7.86,2.5081276339554486,1,11.448418943320668,high
1,70284,375.7,60.6,103.6,1138.79,14.69,57.5,425.7,710.9,1391.67,375.7,1138.79,57.5,60.6,103.6,710.9,14.69,1.6660417154909772,1,11.160313683765866,medium
5,72043,182.7,49.1,59.7,893.4,7.69,67.9,162.9,1338.4,1075.64,36.54,178.68,13.580000000000002,9.82,11.940000000000001,267.68,1.538,8.16595485051861,0,11.185032322456948,low
3,112007,425.4,100.1,188.1,1330.96,0.5,65.2,542.5,967.6,1507.35,141.79999999999998,443.65333333333336,21.733333333333334,33.36666666666667,62.699999999999996,322.53333333333336,0.16666666666666666,1.7803127874885005,0,11.626325576297761,medium
4,97844,774.8,121.2,51.9,369.85,16.78,77.1,224.8,836.8,1857.85,193.7,92.4625,19.275,30.3,12.975,209.2,4.195,3.70593445527015,1,11.491139872898305,high
3,42532,204.0,114.3,85.9,1227.66,0.23,45.2,329.9,715.6,1143.61,68.0,409.22,15.066666666666668,38.1,28.633333333333336,238.53333333333333,0.07666666666666667,2.162586884255062,0,10.658035524203411,low
3,137402,671.2,119.7,174.5,362.27,14.07,41.6,30.3,1187.6,2002.88,223.73333333333335,120.75666666666666,13.866666666666667,39.9,58.166666666666664,395.8666666666666,4.69,37.942492012779546,1,11.830673492593162,high
1,133012,776.7,65.3,168.4,1232.47,19.41,35.1,255.7,1151.2,1890.02,776.7,1232.47,35.1,65.3,168.4,1151.2,19.41,4.484612388001558,1,11.798202146788125,high
3,71178,501.0,122.7,37.2,558.5,8.75,16.5,499.4,322.9,1317.55,167.0,186.16666666666666,5.5,40.9,12.4,107.63333333333333,2.9166666666666665,0.6452837729816147,0,11.17295311007536,medium
5,64407,959.5,18.0,160.5,1340.22,4.7,47.9,483.4,943.5,1303.56,191.9,268.044,9.58,3.6,32.1,188.7,0.9400000000000001,1.9477704376548308,0,11.072993127979817,low
3,65990,261.9,81.7,91.6,1427.25,14.1,25.8,134.6,1106.9,1405.46,87.3,475.75,8.6,27.233333333333334,30.53333333333333,368.9666666666667,4.7,8.16297935103245,1,11.097273648073832,medium
1,144473,228.9,0.9,96.6,393.43,16.34,74.1,135.6,1140.6,1128.99,228.9,393.43,74.1,0.9,96.6,1140.6,16.34,8.349926793557833,1,11.880854839549288,low
5,73141,914.6,48.7,26.7,801.48,10.93,48.7,490.4,420.2,1208.27,182.92000000000002,160.296,9.74,9.74,5.34,84.03999999999999,2.186,0.8551078551078551,1,11.200158036147666,low
2,71570,670.3,55.0,16.1,1475.28,19.34,49.5,558.2,1484.5,1554.19,335.15,737.64,24.75,27.5,8.05,742.25,9.67,2.6546852646638053,1,11.178445242969808,medium
3,16015,872.8,59.4,145.6,828.43,1.03,31.6,57.2,50.4,1114.57,290.93333333333334,276.1433333333333,10.533333333333333,19.8,48.53333333333333,16.8,0.3433333333333333,0.8659793814432989,0,9.681343501555002,low
1,76813,606.6,104.3,99.3,1322.61,10.1,8.9,270.0,709.7,1484.14,606.6,1322.61,8.9,104.3,99.3,709.7,10.1,2.6188191881918823,0,11.249142194189323,medium
2,42712,408.7,58.3,87.4,965.35,14.37,7.4,202.5,1560.4,1400.24,204.35,482.675,3.7,29.15,43.7,780.2,7.185,7.667813267813268,1,10.662258602530038,medium
2,115497,1010.1,67.3,145.9,687.93,17.25,36.8,522.4,1127.8,1909.95,505.05,343.965,18.4,33.65,72.95,563.9,8.625,2.15475735575086,1,11.657008492776745,high
4,127816,989.4,35.6,153.1,571.52,3.59,11.3,50.1,522.3,1176.93,247.35,142.88,2.825,8.9,38.275,130.575,0.8975,10.221135029354206,0,11.758354832423437,low
5,143778,879.4,56.0,31.8,464.19,16.0,50.5,126.7,1389.9,1538.0,175.88,92.838,10.1,11.2,6.36,277.98,3.2,10.884103367267032,1,11.87603267744343,medium
3,77292,435.8,34.1,122.0,1190.34,11.05,71.1,451.5,1134.8,1328.67,145.26666666666668,396.78,23.7,11.366666666666667,40.666666666666664,378.26666666666665,3.6833333333333336,2.5078453038674033,1,11.25535867420079,medium
1,38833,769.7,11.0,27.1,702.5,7.93,71.2,30.8,1592.5,1092.64,769.7,702.5,71.2,11.0,27.1,1592.5,7.93,50.07861635220126,0,10.567051430554399,low
4,35309,529.0,90.5,150.3,864.66,2.63,54.4,295.5,1470.1,1524.92,132.25,216.165,13.6,22.625,37.575,367.525,0.6575,4.9581787521079255,0,10.471921488922431,medium
5,21970,246.2,100.2,131.4,840.02,17.31,20.8,265.3,1220.2,1699.96,49.239999999999995,168.004,4.16,20.04,26.28,244.04000000000002,3.4619999999999997,4.582050319188885,1,9.99747868095637,high
4,87474,1113.2,92.9,191.3,950.46,3.15,69.7,200.6,976.4,1814.31,278.3,237.615,17.425,23.225,47.825,244.1,0.7875,4.843253968253968,0,11.37910831723589,high
5,61540,293.7,69.5,13.8,1325.25,6.2,71.5,236.7,266.4,891.02,58.739999999999995,265.05,14.3,13.9,2.7600000000000002,53.279999999999994,1.24,1.1207404291123264,0,11.02745889833777,low
5,33017,1147.7,57.0,11.4,1474.96,5.8,19.7,318.0,522.7,1127.75,229.54000000000002,294.992,3.94,11.4,2.2800000000000002,104.54,1.16,1.6385579937304076,0,10.404808146287813,low
3,90880,618.3,129.5,56.4,729.86,17.43,60.3,96.8,838.2,1823.16,206.1,243.28666666666666,20.099999999999998,43.166666666666664,18.8,279.40000000000003,5.81,8.570552147239265,1,11.417306237415566,high
5,120570,344.4,77.9,52.3,1275.77,13.45,26.5,343.2,1198.6,1348.82,68.88,255.154,5.3,15.580000000000002,10.459999999999999,239.71999999999997,2.69,3.482277745496804,1,11.699994070014094,medium
4,23702,719.0,71.9,49.4,1193.89,15.93,65.2,483.3,1027.4,1582.75,179.75,298.4725,16.3,17.975,12.35,256.85,3.9825,2.1214123477183566,1,10.073356901390843,medium
5,146456,1066.6,3.8,181.3,945.59,5.01,79.8,456.1,576.4,1313.89,213.32,189.118,15.959999999999999,0.76,36.260000000000005,115.28,1.002,1.260993218114198,0,11.894487148996834,low
3,15404,918.8,51.2,49.9,1442.86,12.5,7.3,92.3,12.9,1131.1,306.26666666666665,480.9533333333333,2.433333333333333,17.066666666666666,16.633333333333333,4.3,4.166666666666667,0.1382636655948553,1,9.642447411030767,low
3,27763,996.9,57.0,54.4,460.62,11.43,72.3,89.5,992.5,1480.75,332.3,153.54,24.099999999999998,19.0,18.133333333333333,330.8333333333333,3.81,10.966850828729282,1,10.231495496459475,medium
4,113142,841.7,59.8,151.9,342.04,16.66,51.7,160.9,571.3,1685.71,210.425,85.51,12.925,14.95,37.975,142.825,4.165,3.5287214329833225,1,11.636407784366716,high
2,95642,876.9,87.0,89.9,1310.15,18.12,78.0,216.6,1469.2,1965.44,438.45,655.075,39.0,43.5,44.95,734.6,9.06,6.751838235294118,1,11.468377788708915,high
2,65612,1041.7,80.0,155.3,770.89,0.24,39.9,245.1,47.9,1326.44,520.85,385.445,19.95,40.0,77.65,23.95,0.12,0.19463632669646486,0,11.091529126030663,medium
5,38574,412.2,91.2,13.1,1301.06,13.48,68.6,407.8,1169.7,1433.82,82.44,260.212,13.719999999999999,18.240000000000002,2.62,233.94,2.696,2.8613013698630136,1,10.56035967723136,medium
1,38524,663.9,114.7,97.5,1361.02,1.04,9.7,34.0,1882.9,1520.06,663.9,1361.02,9.7,114.7,97.5,1882.9,1.04,53.79714285714286,0,10.559062660188317,medium
5,25916,382.3,121.9,6.7,281.19,10.98,30.1,20.8,348.8,1240.43,76.46000000000001,56.238,6.0200000000000005,24.380000000000003,1.34,69.76,2.196,16.0,1,10.162654403026995,low
4,19809,1187.1,107.7,12.5,1348.5,5.75,10.0,235.1,943.3,1469.99,296.775,337.125,2.5,26.925,3.125,235.825,1.4375,3.9953409572215164,0,9.893942139692596,medium
4,136288,1141.3,143.3,181.3,782.81,6.14,78.2,418.3,182.8,2033.08,285.325,195.7025,19.55,35.825,45.325,45.7,1.535,0.43596470307655616,0,11.822532910099168,high
4,53765,191.4,2.7,27.8,863.56,7.06,66.3,116.1,1251.4,718.9,47.85,215.89,16.575,0.675,6.95,312.85,1.765,10.686592655849703,0,10.892396576112274,low
4,60106,890.9,29.4,106.5,1014.57,12.43,68.9,384.9,1101.1,1478.64,222.725,253.6425,17.225,7.35,26.625,275.275,3.1075,2.853329878206789,1,11.003881586286656,medium
4,68932,1121.5,1.1,82.2,1404.3,6.68,75.3,155.9,814.7,1149.58,280.375,351.075,18.825,0.275,20.55,203.675,1.67,5.192479286169535,0,11.140890297346669,low
3,72091,339.6,97.1,69.5,224.85,14.65,11.4,531.7,1042.8,1480.4,113.2,74.95,3.8000000000000003,32.36666666666667,23.166666666666668,347.59999999999997,4.883333333333334,1.9575746198610848,1,11.185698360112696,medium
2,36949,746.3,134.7,180.0,819.9,8.09,33.9,537.4,1793.1,2112.47,373.15,409.95,16.95,67.35,90.0,896.55,4.045,3.3304234769687966,0,10.517320926376348,high
4,52744,1111.3,36.5,4.4,1094.04,1.37,10.3,178.4,392.6,813.81,277.825,273.51,2.575,9.125,1.1,98.15,0.3425,2.1884057971014492,0,10.87322426011591,low
1,123319,185.6,139.1,132.8,1139.52,15.68,20.8,138.0,45.1,1603.13,185.6,1139.52,20.8,139.1,132.8,45.1,15.68,0.32446043165467625,1,11.722537882000086,medium
1,107193,882.3,9.0,192.7,1100.29,5.72,22.2,246.8,1723.3,1407.99,882.3,1100.29,22.2,9.0,192.7,1723.3,5.72,6.954398708635996,0,11.582395555903197,medium
1,51187,462.2,140.2,112.0,374.77,8.66,40.2,144.3,1154.2,1735.15,462.2,374.77,40.2,140.2,112.0,1154.2,8.66,7.943565037852718,0,10.843260408557487,high
1,139454,1120.6,52.7,187.4,589.21,13.71,25.1,403.4,1781.3,1972.76,1120.6,589.21,25.1,52.7,187.4,1781.3,13.71,4.404797230464887,1,11.845497247558068,high
3,29489,1169.6,15.2,10.5,666.33,6.65,12.6,495.6,1193.9,1068.11,389.8666666666666,222.11,4.2,5.066666666666666,3.5,397.9666666666667,2.216666666666667,2.4041482078131295,0,10.291806501809322,low
1,76877,1141.5,72.9,83.8,1245.77,1.13,17.6,403.9,1620.3,1465.19,1141.5,1245.77,17.6,72.9,83.8,1620.3,1.13,4.001728821931342,0,11.249975028737632,medium
4,64922,647.9,38.5,52.0,562.39,7.48,16.0,494.6,859.3,1034.11,161.975,140.5975,4.0,9.625,13.0,214.825,1.87,1.7338579499596447,0,11.080957231281733,low
5,109074,1055.1,42.7,146.2,473.92,18.89,78.0,238.2,1499.7,1963.58,211.01999999999998,94.784,15.6,8.540000000000001,29.24,299.94,3.778,6.269648829431438,1,11.59979099799181,high
1,52131,1036.8,46.1,196.3,1444.68,12.83,61.9,93.8,1826.1,1946.92,1036.8,1444.68,61.9,46.1,196.3,1826.1,12.83,19.2626582278481,1,10.86153424265061,high
3,130765,485.1,120.5,51.3,211.52,13.43,77.6,442.8,1144.2,1720.83,161.70000000000002,70.50666666666667,25.866666666666664,40.166666666666664,17.099999999999998,381.40000000000003,4.476666666666667,2.5781883731410544,1,11.78116474537736,high
3,88963,1020.4,80.9,130.8,1497.17,12.65,38.0,216.3,361.6,1655.05,340.1333333333333,499.0566666666667,12.666666666666666,26.96666666666667,43.6,120.53333333333335,4.216666666666667,1.6640589047399907,1,11.395987072502335,high
1,121884,188.9,46.7,39.6,1079.87,3.98,25.9,402.8,537.6,710.91,188.9,1079.87,25.9,46.7,39.6,537.6,3.98,1.3313521545319464,0,11.710833256216178,low
5,140917,776.1,91.6,113.1,1277.01,8.37,64.9,162.4,397.3,1503.92,155.22,255.402,12.98,18.32,22.619999999999997,79.46000000000001,1.674,2.4314565483476134,0,11.855933439904843,medium
1,39285,391.5,107.4,92.8,583.01,15.02,29.5,48.7,493.7,1504.61,391.5,583.01,29.5,107.4,92.8,493.7,15.02,9.933601609657947,1,10.578623500294222,medium
3,52626,276.6,40.9,194.4,218.61,2.03,27.5,595.5,612.8,1056.14,92.2,72.87,9.166666666666666,13.633333333333333,64.8,204.26666666666665,0.6766666666666666,1.0273260687342833,0,10.870984575013114,low
2,34198,230.8,62.0,121.7,1159.23,5.56,22.4,93.7,1110.3,1117.93,115.4,579.615,11.2,31.0,60.85,555.15,2.78,11.724392819429777,0,10.439951682857124,low
4,30254,881.1,18.3,69.9,1284.39,5.53,14.7,593.1,1176.0,1080.23,220.275,321.0975,3.675,4.575,17.475,294.0,1.3825,1.9794647365763338,0,10.317416739056421,low
3,59238,506.9,27.2,22.8,1162.62,8.64,24.2,586.4,853.0,901.01,168.96666666666667,387.53999999999996,8.066666666666666,9.066666666666666,7.6000000000000005,284.3333333333333,2.8800000000000003,1.4521620701395983,0,10.9893353877531,low
1,16252,911.0,102.2,30.2,385.71,19.61,31.6,476.3,1230.8,1856.36,911.0,385.71,31.6,102.2,30.2,1230.8,19.61,2.5786716949507644,1,9.696032786103176,high
4,54764,218.6,27.2,45.1,1179.46,1.35,55.5,395.7,163.1,542.38,54.65,294.865,13.875,6.8,11.275,40.775,0.3375,0.41114192084698764,0,10.910806582757846,low
1,92709,481.1,78.8,50.2,1199.6,10.37,9.7,346.7,175.6,1096.24,481.1,1199.6,9.7,78.8,50.2,175.6,10.37,0.5050330744895024,1,11.437231620601029,low
1,68682,716.5,106.4,170.1,1056.1,3.59,20.8,519.7,343.7,1502.25,716.5,1056.1,20.8,106.4,170.1,343.7,3.59,0.6600729786825427,0,11.137256994896104,medium
2,74494,980.3,16.0,112.2,1195.95,19.41,65.7,173.7,1036.2,1609.51,490.15,597.975,32.85,8.0,56.1,518.1,9.705,5.93131081854608,1,11.21848728802144,medium
4,96317,484.7,85.1,104.7,1299.7,2.27,16.0,280.6,428.0,1092.25,121.175,324.925,4.0,21.275,26.175,107.0,0.5675,1.5198863636363635,0,11.47541049620747,low
4,80215,807.2,38.5,23.0,997.69,8.07,30.7,371.6,566.6,1008.79,201.8,249.4225,7.675,9.625,5.75,141.65,2.0175,1.5206655931293611,0,11.292478275203761,low
2,93587,1080.3,144.4,172.0,315.19,14.76,69.8,246.7,800.6,2312.96,540.15,157.595,34.9,72.2,86.0,400.3,7.38,3.2321356479612438,1,11.446657449118499,high
3,21949,796.7,72.5,144.6,833.92,14.09,16.6,256.5,1623.7,1795.39,265.56666666666666,277.9733333333333,5.533333333333334,24.166666666666668,48.199999999999996,541.2333333333333,4.696666666666666,6.305631067961166,1,9.996522418503318,high
1,70393,394.6,120.9,13.5,300.94,8.45,11.2,198.2,27.7,1107.77,394.6,300.94,11.2,120.9,13.5,27.7,8.45,0.1390562248995984,0,11.161863311241357,low
5,40934,175.6,82.5,141.6,729.81,6.93,41.3,338.5,1298.8,1378.52,35.12,145.962,8.26,16.5,28.32,259.76,1.386,3.825625920471281,0,10.61974072181055,medium
1,90745,1063.6,6.5,108.7,729.24,7.95,27.7,510.3,1337.8,1295.85,1063.6,729.24,27.7,6.5,108.7,1337.8,7.95,2.6164678271073734,0,11.415819674020685,low
1,109456,172.3,95.0,16.3,285.81,5.29,47.3,120.9,1597.3,1158.41,172.3,285.81,47.3,95.0,16.3,1597.3,5.29,13.103363412633305,0,11.60328705705026,low
3,68413,1068.4,142.7,91.7,653.47,4.11,65.3,560.7,1865.5,2050.25,356.1333333333334,217.82333333333335,21.766666666666666,47.56666666666666,30.566666666666666,621.8333333333334,1.37,3.3211678832116784,0,11.133332761029457,high
1,112239,705.4,90.2,96.9,344.3,9.66,15.3,413.5,40.3,1328.95,705.4,344.3,15.3,90.2,96.9,40.3,9.66,0.09722557297949336,0,11.628394714776343,medium
2,57318,1136.0,122.9,33.2,1250.71,5.37,48.6,494.0,307.6,1537.27,568.0,625.355,24.3,61.45,16.6,153.8,2.685,0.6214141414141414,0,10.956387435872271,medium
2,85390,988.7,132.6,189.1,1431.99,5.75,42.9,333.7,1772.3,2154.34,494.35,715.995,21.45,66.3,94.55,886.15,2.875,5.295189722139229,0,11.35499598780626,high
4,58088,1197.8,34.2,170.0,294.01,13.14,15.8,467.7,917.0,1674.35,299.45,73.5025,3.95,8.55,42.5,229.25,3.285,1.956475357371453,1,10.969731596171508,high
5,118196,518.2,31.8,133.8,1441.65,19.37,51.8,9.7,1129.2,1527.61,103.64000000000001,288.33000000000004,10.36,6.36,26.76,225.84,3.874,105.53271028037385,1,11.68010800292138,medium
1,70479,955.5,91.6,92.5,879.35,12.07,25.5,491.0,1326.1,1767.7,955.5,879.35,25.5,91.6,92.5,1326.1,12.07,2.6953252032520325,1,11.163084260610061,high
1,34963,572.0,61.7,82.4,589.44,1.54,41.6,24.1,1358.1,1135.24,572.0,589.44,41.6,61.7,82.4,1358.1,1.54,54.10756972111553,0,10.462074239700378,low
3,70123,653.9,126.0,130.2,299.92,1.51,11.2,533.9,1863.5,1707.48,217.96666666666667,99.97333333333334,3.733333333333333,42.0,43.4,621.1666666666666,0.5033333333333333,3.483828753037951,0,11.158020382473765,high
2,140911,808.9,135.0,109.1,850.81,19.03,39.5,595.2,1993.9,2325.54,404.45,425.405,19.75,67.5,54.55,996.95,9.515,3.3443475343844344,1,11.855890861045241,high
5,117468,1067.4,53.0,12.5,1232.87,5.95,28.0,176.4,1440.3,1258.17,213.48000000000002,246.57399999999998,5.6,10.6,2.5,288.06,1.19,8.118940248027057,0,11.673929747969916,low
4,88477,1183.3,35.5,102.5,1119.21,1.84,66.7,126.2,574.4,1209.62,295.825,279.8025,16.675,8.875,25.625,143.6,0.46,4.515723270440251,0,11.390509212522387,low
2,29388,956.7,117.1,161.3,265.29,11.98,9.3,459.2,1759.5,2111.07,478.35,132.645,4.65,58.55,80.65,879.75,5.99,3.8233376792698825,1,10.288375733655462,high
4,20569,588.7,41.2,91.8,294.77,12.47,36.4,151.8,98.4,1110.52,147.175,73.6925,9.1,10.3,22.95,24.6,3.1175,0.643979057591623,1,9.931588982647003,low
3,84836,592.4,123.4,10.4,723.74,12.97,39.4,519.3,462.2,1481.14,197.46666666666667,241.24666666666667,13.133333333333333,41.13333333333333,3.466666666666667,154.06666666666666,4.323333333333333,0.8883336536613493,1,11.34848704737449,medium
3,119573,924.5,63.6,157.3,583.88,5.35,59.4,61.7,1794.8,1687.42,308.1666666666667,194.62666666666667,19.8,21.2,52.43333333333334,598.2666666666667,1.7833333333333332,28.625199362041464,0,11.691690705561406,high
1,60002,400.7,100.1,40.3,502.1,0.3,48.1,75.6,512.4,990.5,400.7,502.1,48.1,100.1,40.3,512.4,0.3,6.689295039164491,0,11.00214983995428,low
5,39071,266.0,14.3,51.7,565.31,19.3,55.0,587.5,441.3,1063.26,53.2,113.06199999999998,11.0,2.8600000000000003,10.34,88.26,3.8600000000000003,0.7498725573491929,1,10.57316137691043,low
4,73243,522.4,93.6,32.9,1244.53,5.02,63.3,404.3,276.3,1128.43,130.6,311.1325,15.825,23.4,8.225,69.075,1.255,0.6817172464840858,0,11.201551612261605,low
2,140827,451.6,67.8,66.0,1408.0,13.52,69.7,508.1,1718.2,1565.73,225.8,704.0,34.85,33.9,33.0,859.1,6.76,3.3749754468670203,1,11.855294566571692,medium
3,123215,461.1,88.0,151.4,726.63,14.13,28.5,194.6,1000.1,1650.56,153.70000000000002,242.21,9.5,29.333333333333332,50.46666666666667,333.3666666666667,4.71,5.112985685071575,1,11.721694191779031,high
1,116570,395.3,25.2,103.9,1377.94,12.2,45.4,405.9,1349.8,1244.82,395.3,1377.94,45.4,25.2,103.9,1349.8,12.2,3.317276972229049,1,11.666255808413585,low
1,84724,194.2,110.5,41.0,617.94,6.26,68.0,356.5,478.1,1176.29,194.2,617.94,68.0,110.5,41.0,478.1,6.26,1.3373426573426574,0,11.347165996475253,low
4,130359,168.8,129.4,175.6,819.37,5.42,79.2,361.9,1516.1,1774.05,42.2,204.8425,19.8,32.35,43.9,379.025,1.355,4.177734913199228,0,11.778055132951497,high
3,90697,1187.1,32.5,175.9,493.84,11.95,71.7,409.5,1520.0,1853.6,395.7,164.61333333333332,23.900000000000002,10.833333333333334,58.63333333333333,506.6666666666667,3.983333333333333,3.702801461632156,1,11.41529058514346,high
5,43732,599.2,14.4,174.1,1032.62,17.32,32.9,345.2,625.2,1405.98,119.84,206.52399999999997,6.58,2.88,34.82,125.04,3.464,1.805892547660312,1,10.685858244843748,medium
3,136465,553.5,3.5,47.8,1472.68,18.93,19.6,257.4,821.4,1086.78,184.5,490.8933333333334,6.533333333333334,1.1666666666666667,15.933333333333332,273.8,6.31,3.178792569659443,1,11.823830778331434,low
4,72108,863.6,96.3,90.2,984.54,2.12,41.7,165.6,419.4,1306.44,215.9,246.135,10.425,24.075,22.55,104.85,0.53,2.517406962785114,0,11.185934142112526,low
4,126195,379.2,91.1,197.0,665.16,3.1,60.6,461.1,1953.1,1704.84,94.8,166.29,15.15,22.775,49.25,488.275,0.775,4.2265743345596185,0,11.745591532865852,high
3,118081,1147.5,82.0,154.4,1042.16,18.89,41.9,135.8,1291.2,2115.22,382.5,347.3866666666667,13.966666666666667,27.333333333333332,51.46666666666667,430.40000000000003,6.296666666666667,9.43859649122807,1,11.679134577360236,high
4,51668,975.7,34.8,5.4,359.8,14.73,41.2,415.4,1869.1,1471.49,243.925,89.95,10.3,8.7,1.35,467.275,3.6825,4.488712776176754,1,10.852613267503855,medium
3,38061,243.9,58.6,13.0,1355.26,17.66,67.9,140.0,606.8,1170.32,81.3,451.75333333333333,22.633333333333336,19.533333333333335,4.333333333333333,202.26666666666665,5.886666666666667,4.30354609929078,1,10.546971688076972,low
2,94252,588.5,89.2,92.8,854.01,4.05,32.1,375.2,1563.8,1433.3,294.25,427.005,16.05,44.6,46.4,781.9,2.025,4.156831472620946,0,11.453737935042414,medium
3,54749,1073.1,74.5,181.8,784.15,11.75,69.5,448.2,1531.7,2038.62,357.7,261.3833333333333,23.166666666666668,24.833333333333332,60.6,510.56666666666666,3.9166666666666665,3.4098397150489763,1,10.910532647678748,high
3,145560,1142.0,148.2,107.7,961.62,14.02,35.5,131.2,1383.3,2230.17,380.6666666666667,320.54,11.833333333333334,49.4,35.9,461.09999999999997,4.673333333333333,10.463691376701968,1,11.888350521721733,high
4,119680,640.8,20.5,99.6,1012.22,13.6,29.6,36.0,1931.3,1400.43,160.2,253.055,7.4,5.125,24.9,482.825,3.4,52.1972972972973,1,11.69258514878837,medium
4,66745,794.1,104.3,21.1,293.31,8.16,39.0,78.6,787.1,1381.31,198.525,73.3275,9.75,26.075,5.275,196.775,2.04,9.88819095477387,0,11.108649649373282,medium
1,123464,325.4,60.6,131.4,1087.4,0.31,62.2,363.6,261.4,963.29,325.4,1087.4,62.2,60.6,131.4,261.4,0.31,0.7169500822819527,0,11.723712994074853,low
1,106865,1190.7,64.2,164.4,514.51,11.66,14.5,509.7,1343.4,1860.76,1190.7,514.51,14.5,64.2,164.4,1343.4,11.66,2.6305071470530645,1,11.57933099216684,high
2,127428,393.3,107.6,76.1,1128.14,5.06,19.7,27.0,1458.6,1364.61,196.65,564.07,9.85,53.8,38.05,729.3,2.53,52.09285714285714,0,11.755314625729877,medium
1,38624,1139.9,103.9,155.1,1269.3,9.01,76.4,440.5,1150.1,2025.1,1139.9,1269.3,76.4,103.9,155.1,1150.1,9.01,2.604983012457531,0,10.561655014200047,high
3,38321,832.1,148.7,192.9,1245.15,19.15,18.2,204.8,413.6,2228.14,277.3666666666667,415.05,6.066666666666666,49.56666666666666,64.3,137.86666666666667,6.383333333333333,2.009718172983479,1,10.553779422789644,high
4,37574,788.1,19.3,40.8,918.25,7.98,47.6,287.1,1008.9,1045.58,197.025,229.5625,11.9,4.825,10.2,252.225,1.995,3.5019090593543907,0,10.534094214621176,low
1,133831,688.3,15.6,104.7,876.22,16.8,48.4,557.3,624.4,1321.76,688.3,876.22,48.4,15.6,104.7,624.4,16.8,1.1183951280673474,1,11.804340561011117,medium
1,110257,392.2,108.7,57.4,385.74,3.77,41.7,199.2,854.9,1230.97,392.2,385.74,41.7,108.7,57.4,854.9,3.77,4.27022977022977,0,11.610578353034848,low
2,79291,335.4,86.8,158.6,1207.95,13.45,53.4,279.2,1290.4,1698.14,167.7,603.975,26.7,43.4,79.3,645.2,6.725,4.605281941470379,1,11.280892519810102,high
2,142600,381.5,41.1,115.5,552.83,19.54,22.2,8.2,1490.4,1498.15,190.75,276.415,11.1,20.55,57.75,745.2,9.77,162.00000000000003,1,11.867805799560465,medium
3,65428,345.8,11.9,126.9,845.7,2.04,46.4,49.0,464.4,732.53,115.26666666666667,281.90000000000003,15.466666666666667,3.966666666666667,42.300000000000004,154.79999999999998,0.68,9.288,0,11.088720864237898,low
4,146374,968.6,12.8,159.6,569.56,0.17,32.9,155.2,810.7,1073.7,242.15,142.39,8.225,3.2,39.9,202.675,0.0425,5.190140845070423,0,11.893927100900019,low
2,146127,517.6,134.1,79.2,373.98,8.67,54.6,16.7,538.3,1546.73,258.8,186.99,27.3,67.05,39.6,269.15,4.335,30.412429378531073,0,11.89223822893146,medium
1,126317,210.7,28.8,183.0,1018.43,1.85,15.6,378.8,397.3,851.26,210.7,1018.43,15.6,28.8,183.0,397.3,1.85,1.0460768825697735,0,11.74655781599861,low
4,142449,1167.6,48.5,106.6,270.63,14.97,47.8,255.8,1566.8,1804.01,291.9,67.6575,11.95,12.125,26.65,391.7,3.7425,6.101246105919003,1,11.866746339926054,high
4,43699,1078.0,34.0,31.6,1173.24,18.29,18.9,328.9,1818.5,1609.0,269.5,293.31,4.725,8.5,7.9,454.625,4.5725,5.512276447408306,1,10.685103381083682,medium
1,88686,1124.1,53.2,139.2,612.86,8.68,25.9,104.8,740.5,1504.74,1124.1,612.86,25.9,53.2,139.2,740.5,8.68,6.999054820415879,0,11.392868596113427,medium
2,82661,1194.7,10.4,158.7,200.18,5.17,21.4,177.6,1502.6,1402.32,597.35,100.09,10.7,5.2,79.35,751.3,2.585,8.413213885778275,0,11.322515283272654,medium
1,59247,332.6,77.9,63.4,864.47,8.69,18.7,398.3,1794.0,1346.2,332.6,864.47,18.7,77.9,63.4,1794.0,8.69,4.4928625093914345,0,10.989487303153394,medium
4,120113,566.1,10.1,171.4,260.91,14.47,66.9,579.2,1692.2,1573.09,141.525,65.2275,16.725,2.525,42.85,423.05,3.6175,2.916580489486384,1,11.69619657079977,medium
5,19621,946.2,120.1,181.2,559.02,0.18,26.4,30.3,365.6,1574.94,189.24,111.804,5.279999999999999,24.02,36.239999999999995,73.12,0.036,11.680511182108626,0,9.884406664723336,medium
5,33030,880.8,35.1,55.4,1119.07,11.79,74.5,534.2,1912.6,1548.49,176.16,223.814,14.9,7.0200000000000005,11.08,382.52,2.3579999999999997,3.573617339312406,1,10.405201793433656,medium
3,97838,311.6,81.0,196.7,281.5,12.27,77.7,346.1,753.4,1660.22,103.86666666666667,93.83333333333333,25.900000000000002,27.0,65.56666666666666,251.13333333333333,4.09,2.170556035724575,1,11.49107854954022,high
1,99717,1006.6,132.0,28.1,1291.14,12.75,47.8,338.4,678.5,1774.94,1006.6,1291.14,47.8,132.0,28.1,678.5,12.75,1.9991160872127285,1,11.510101481279127,high
1,53638,385.7,97.6,40.4,204.97,4.84,15.7,300.2,124.9,981.08,385.7,204.97,15.7,97.6,40.4,124.9,4.84,0.4146746347941567,0,10.890031694417958,low
3,82067,385.0,79.9,36.8,520.87,14.28,33.1,41.6,972.3,1304.55,128.33333333333334,173.62333333333333,11.033333333333333,26.633333333333336,12.266666666666666,324.09999999999997,4.76,22.82394366197183,1,11.315303450886097,low
3,133033,713.8,48.7,178.8,1163.18,1.83,64.8,53.9,218.0,1181.5,237.9333333333333,387.7266666666667,21.599999999999998,16.233333333333334,59.6,72.66666666666667,0.61,3.9708561020036433,0,11.798360013631529,low
3,120977,772.6,50.0,130.9,611.15,3.99,32.6,360.5,497.1,1183.49,257.53333333333336,203.71666666666667,10.866666666666667,16.666666666666668,43.63333333333333,165.70000000000002,1.33,1.375103734439834,0,11.70336398986613,low
4,103869,759.1,100.4,30.4,332.46,17.55,11.5,204.6,633.9,1553.36,189.775,83.115,2.875,25.1,7.6,158.475,4.3875,3.083171206225681,1,11.550895396221858,medium
1,120186,246.1,149.1,88.1,668.3,14.77,46.8,550.4,1617.7,1938.98,246.1,668.3,46.8,149.1,88.1,1617.7,14.77,2.933804860355459,1,11.696804142156076,high
4,49674,1071.3,99.3,123.1,551.51,0.27,68.4,244.0,1751.0,1745.7,267.825,137.8775,17.1,24.825,30.775,437.75,0.0675,7.146938775510204,0,10.813257067420018,high
3,61271,428.9,83.7,16.7,1295.53,4.97,64.7,86.0,604.9,1035.48,142.96666666666667,431.8433333333333,21.566666666666666,27.900000000000002,5.566666666666666,201.63333333333333,1.6566666666666665,6.9528735632183905,0,11.02307824758943,low
1,88688,286.0,109.6,176.5,607.35,4.29,18.1,428.8,1717.4,1624.17,286.0,607.35,18.1,109.6,176.5,1717.4,4.29,3.9958120055839927,0,11.39289114707861,medium
4,126076,1083.2,69.8,160.7,1225.61,5.42,55.5,176.0,1714.5,1783.94,270.8,306.4025,13.875,17.45,40.175,428.625,1.355,9.686440677966102,0,11.74464811039237,high
4,16062,1153.4,9.0,101.0,1359.43,4.95,21.5,315.3,1529.3,1256.02,288.35,339.8575,5.375,2.25,25.25,382.325,1.2375,4.834966803667404,0,9.684273769557766,low
3,65448,1055.2,84.3,193.4,763.96,1.25,21.4,418.7,293.4,1499.43,351.73333333333335,254.65333333333334,7.133333333333333,28.099999999999998,64.46666666666667,97.8,0.4166666666666667,0.6990707648320228,0,11.089026492382516,medium
1,110462,1000.0,143.6,83.6,1382.93,9.18,70.6,540.2,1380.6,2059.29,1000.0,1382.93,70.6,143.6,83.6,1380.6,9.18,2.5509977827050996,0,11.61243590223901,high
3,62915,838.0,26.3,196.8,690.51,14.65,23.7,475.3,1890.0,1786.84,279.3333333333333,230.17,7.8999999999999995,8.766666666666667,65.60000000000001,630.0,4.883333333333334,3.96808733991182,1,11.049555782360533,high
1,19632,728.4,103.5,133.6,1453.3,12.13,24.7,405.8,1365.1,1831.09,728.4,1453.3,24.7,103.5,133.6,1365.1,12.13,3.355703048180924,1,9.884967102898749,high
5,119592,241.3,30.1,126.9,316.08,13.46,5.0,407.8,663.2,1089.34,48.260000000000005,63.215999999999994,1.0,6.0200000000000005,25.380000000000003,132.64000000000001,2.692,1.6223091976516635,1,11.69184959035772,low
2,149668,578.9,80.4,33.2,1093.13,1.62,70.3,567.6,1001.2,1157.24,289.45,546.565,35.15,40.2,16.6,500.6,0.81,1.7608160393950052,0,11.916181468135202,low
2,124779,541.3,14.5,176.4,841.96,19.03,64.4,177.5,1291.5,1603.55,270.65,420.98,32.2,7.25,88.2,645.75,9.515,7.235294117647059,1,11.734307465664777,medium
2,123099,422.7,67.6,85.5,703.94,16.77,52.0,0.7,1021.1,1474.55,211.35,351.97,26.0,33.8,42.75,510.55,8.385,600.6470588235294,1,11.720752312172545,medium
3,22561,909.6,113.4,32.4,1022.53,16.1,61.3,163.2,239.9,1660.79,303.2,340.8433333333333,20.433333333333334,37.800000000000004,10.799999999999999,79.96666666666667,5.366666666666667,1.4610231425091353,1,10.024022354164865,high
5,97152,670.7,52.1,2.5,1115.01,16.46,16.4,130.7,624.1,1166.99,134.14000000000001,223.002,3.28,10.42,0.5,124.82000000000001,3.2920000000000003,4.738800303720578,1,11.484042334411154,low
1,140036,235.1,99.7,112.0,205.67,18.65,39.4,397.1,1604.8,1803.1,235.1,205.67,39.4,99.7,112.0,1604.8,18.65,4.031147952775684,1,11.84966195238841,high
4,139049,381.2,119.3,105.5,417.04,10.89,31.3,380.2,1722.8,1749.94,95.3,104.26,7.825,29.825,26.375,430.7,2.7225,4.519412381951732,1,11.842588859662111,high
1,41734,867.4,139.1,143.9,1126.96,4.01,12.0,356.1,274.6,1645.63,867.4,1126.96,12.0,139.1,143.9,274.6,4.01,0.7689722766732008,0,10.639095384284838,high
4,41069,229.9,35.2,178.1,1066.3,12.34,41.5,9.7,1904.8,1468.3,57.475,266.575,10.375,8.8,44.525,476.2,3.085,178.01869158878506,1,10.623033206950604,medium
1,27910,1043.8,59.9,15.9,1455.86,14.86,74.1,437.3,657.6,1489.24,1043.8,1455.86,74.1,59.9,15.9,657.6,14.86,1.5003422313483916,1,10.236776155340317,medium
5,88479,669.9,22.9,146.3,1189.35,14.76,8.0,194.1,1324.6,1423.19,133.98,237.86999999999998,1.6,4.58,29.26,264.91999999999996,2.952,6.789338800615069,1,11.390531816756162,medium
4,96264,654.6,148.9,37.5,1436.0,10.43,26.9,399.0,1503.7,1803.01,163.65,359.0,6.725,37.225,9.375,375.925,2.6075,3.75925,1,11.474860084163437,high
3,38275,772.0,139.1,171.6,1113.3,1.37,20.6,333.9,1623.9,1871.13,257.3333333333333,371.09999999999997,6.866666666666667,46.36666666666667,57.199999999999996,541.3000000000001,0.4566666666666667,4.848910122424605,0,10.552578346899153,high
1,87274,1015.9,81.0,163.8,587.47,7.42,22.9,205.6,1891.5,1854.33,1015.9,587.47,22.9,81.0,163.8,1891.5,7.42,9.155372700871249,0,11.376819331973238,high
1,115776,515.2,126.3,108.2,336.97,18.42,73.1,80.7,625.8,1890.43,515.2,336.97,73.1,126.3,108.2,625.8,18.42,7.659730722154222,1,11.659421206086376,high
4,63447,861.9,78.1,142.0,1216.37,11.69,40.1,56.7,1717.0,1823.88,215.475,304.0925,10.025,19.525,35.5,429.25,2.9225,29.75736568457539,1,11.057975951763156,high
3,141394,744.0,93.5,62.9,1037.39,10.77,40.0,498.9,263.4,1408.86,248.0,345.7966666666667,13.333333333333334,31.166666666666668,20.966666666666665,87.8,3.59,0.5269053810762152,1,11.859312671140481,medium
3,90703,430.4,13.4,94.2,262.64,5.38,62.0,551.0,1410.1,1044.74,143.46666666666667,87.54666666666667,20.666666666666668,4.466666666666667,31.400000000000002,470.0333333333333,1.7933333333333332,2.5545289855072464,0,11.415356736564085,low
5,91090,1072.6,113.3,164.3,668.07,7.37,16.6,389.9,1484.0,1975.8,214.51999999999998,133.614,3.3200000000000003,22.66,32.86,296.8,1.474,3.7963673573804044,0,11.41961428583207,high
3,32260,987.3,19.2,91.9,1443.84,17.91,41.5,62.1,1355.4,1549.79,329.09999999999997,481.28,13.833333333333334,6.3999999999999995,30.633333333333336,451.8,5.97,21.480190174326466,1,10.381614349338879,medium
3,127581,841.4,123.9,71.6,850.52,13.33,37.2,241.2,504.6,1718.15,280.46666666666664,283.50666666666666,12.4,41.300000000000004,23.866666666666664,168.20000000000002,4.443333333333333,2.083402146985962,1,11.756514574111385,high
3,18812,1043.1,117.3,98.8,762.55,15.75,49.8,437.4,1746.1,2173.96,347.7,254.1833333333333,16.599999999999998,39.1,32.93333333333333,582.0333333333333,5.25,3.982892335766423,1,9.842303399211131,high
2,131148,1060.7,106.3,165.6,795.01,9.09,80.0,467.9,337.7,1884.15,530.35,397.505,40.0,53.15,82.8,168.85,4.545,0.7201962038814246,0,11.784089360408917,high
5,131421,893.8,5.4,67.0,471.55,12.6,62.7,70.9,107.3,1036.08,178.76,94.31,12.540000000000001,1.08,13.4,21.46,2.52,1.4923504867872044,1,11.786168798719869,low
1,16605,1028.9,45.5,34.8,679.32,4.97,34.8,0.0,1434.9,1222.92,1028.9,679.32,34.8,45.5,34.8,1434.9,4.97,1434.9,0,9.717519354821976,low
4,87303,882.3,39.5,142.4,680.76,14.11,67.1,427.3,951.0,1628.58,220.575,170.19,16.775,9.875,35.6,237.75,3.5275,2.2204062572962875,1,11.377151559792926,high
1,91125,864.1,54.0,165.2,268.06,8.55,17.8,214.0,1698.2,1636.13,864.1,268.06,17.8,54.0,165.2,1698.2,8.55,7.898604651162791,0,11.419998443187646,high
5,139040,799.5,13.1,20.1,1197.84,8.85,7.3,152.7,766.8,862.16,159.9,239.56799999999998,1.46,2.62,4.0200000000000005,153.35999999999999,1.77,4.9889394925178925,0,11.842524132648268,low
4,19324,940.4,140.5,48.0,741.46,12.99,20.3,7.7,336.6,1700.26,235.1,185.365,5.075,35.125,12.0,84.15,3.2475,38.6896551724138,1,9.869154873455622,high
5,91323,316.5,83.1,28.4,1268.83,18.73,30.5,324.2,1672.9,1548.68,63.3,253.766,6.1,16.619999999999997,5.68,334.58000000000004,3.746,5.144218942189422,1,11.422168901699344,medium
3,24111,1074.9,45.8,69.6,1305.45,1.28,43.3,510.7,1097.8,1220.48,358.3,435.15000000000003,14.433333333333332,15.266666666666666,23.2,365.93333333333334,0.4266666666666667,2.1453976939613053,0,10.090464920866276,low
4,31389,1065.4,59.5,90.1,475.59,16.49,51.1,574.6,378.4,1628.76,266.35,118.8975,12.775,14.875,22.525,94.6,4.1225,0.6574009728978457,1,10.354244649836,high
3,137177,180.7,67.1,149.8,1054.56,5.85,73.3,339.4,1440.8,1373.75,60.23333333333333,351.52,24.433333333333334,22.366666666666664,49.93333333333334,480.26666666666665,1.95,4.232667450058755,0,11.829034631562282,medium
1,56427,1017.1,90.1,130.2,813.97,8.88,43.2,308.7,1022.2,1743.68,1017.1,813.97,43.2,90.1,130.2,1022.2,8.88,3.300613496932516,0,10.940720768194392,high
1,137883,285.3,77.4,124.2,1344.2,0.44,42.6,51.0,1208.6,1141.24,285.3,1344.2,42.6,77.4,124.2,1208.6,0.44,23.24230769230769,0,11.83416803094397,low
4,146189,501.9,137.9,70.5,480.46,6.02,8.8,329.3,921.8,1487.69,125.475,120.115,2.2,34.475,17.625,230.45,1.505,2.7907962458371176,0,11.892662424505662,medium
4,140808,930.7,74.5,168.3,1081.16,10.05,7.6,228.0,1657.4,1795.27,232.675,270.29,1.9,18.625,42.075,414.35,2.5125,7.2375545851528384,0,11.8551596411178,high
5,127221,318.8,148.8,94.3,990.08,1.12,46.3,364.3,1659.1,1603.96,63.760000000000005,198.01600000000002,9.26,29.76,18.86,331.82,0.22400000000000003,4.541746509718039,0,11.753688870907842,medium
5,28234,1008.9,127.7,195.8,583.89,9.82,37.9,233.2,1418.8,2176.34,201.78,116.77799999999999,7.58,25.54,39.160000000000004,283.76,1.964,6.058070025619129,0,10.248317622106937,high
3,68441,1023.7,31.3,126.8,377.58,18.54,67.9,144.2,210.8,1561.79,341.23333333333335,125.86,22.633333333333336,10.433333333333334,42.266666666666666,70.26666666666667,6.18,1.4517906336088156,1,11.133741950255953,medium
4,15846,682.8,139.6,25.3,1047.13,2.11,17.1,57.0,1677.7,1497.99,170.7,261.7825,4.275,34.9,6.325,419.425,0.5275,28.925862068965518,0,9.670735486942808,medium
1,25954,156.7,17.5,135.2,1160.18,15.29,6.9,189.0,1342.0,1170.14,156.7,1160.18,6.9,17.5,135.2,1342.0,15.29,7.063157894736842,1,10.16411954826133,low
5,94239,451.4,122.6,65.0,610.32,8.19,38.7,58.0,1394.0,1551.76,90.28,122.06400000000001,7.74,24.52,13.0,278.8,1.638,23.627118644067796,0,11.453599998885414,medium
5,61514,797.8,57.1,137.3,1038.28,13.1,22.8,106.1,726.0,1496.05,159.56,207.656,4.5600000000000005,11.42,27.46,145.2,2.62,6.778711484593838,1,11.027036326494269,medium
1,103236,1180.2,131.7,13.9,713.67,5.2,8.7,592.4,1758.6,1768.7,1180.2,713.67,8.7,131.7,13.9,1758.6,5.2,2.9635995955510617,0,11.544782594905888,high
5,112579,813.4,130.2,35.0,1127.17,3.19,59.3,266.5,1450.7,1605.22,162.68,225.43400000000003,11.86,26.04,7.0,290.14,0.638,5.423177570093458,0,11.631419359018018,medium
3,57101,422.8,120.9,171.1,458.98,3.21,13.4,319.1,225.2,1394.75,140.93333333333334,152.99333333333334,4.466666666666667,40.300000000000004,57.03333333333333,75.06666666666666,1.07,0.7035301468291159,0,10.952594421300399,medium
4,79323,815.7,118.5,45.4,1357.28,1.41,50.6,524.2,815.6,1405.47,203.925,339.32,12.65,29.625,11.35,203.9,0.3525,1.5529322162985528,0,11.28129601000572,medium
1,106922,717.0,45.7,167.4,573.63,3.71,26.1,597.3,1772.8,1468.58,717.0,573.63,26.1,45.7,167.4,1772.8,3.71,2.9630620090255726,0,11.579864228220618,medium
4,142534,968.8,12.1,55.9,678.12,13.28,18.0,349.6,94.4,1037.45,242.2,169.53,4.5,3.025,13.975,23.6,3.32,0.2692527096406161,1,11.86734286256774,low
5,82584,262.3,60.4,128.6,275.52,17.63,33.5,487.5,1922.8,1675.44,52.46,55.104,6.7,12.08,25.72,384.56,3.526,3.936131013306039,1,11.32158334495519,high
5,119537,949.1,26.0,138.8,344.97,16.28,65.1,196.2,1358.3,1689.2,189.82,68.994,13.02,5.2,27.76,271.65999999999997,3.2560000000000002,6.887931034482759,1,11.691389591436879,high
1,93477,718.3,104.2,102.5,870.62,13.7,34.4,183.4,1262.8,1779.17,718.3,870.62,34.4,104.2,102.5,1262.8,13.7,6.8481561822125805,1,11.445481393473127,high
3,57533,1161.1,51.9,61.1,547.87,2.21,61.3,241.6,541.1,1195.79,387.0333333333333,182.62333333333333,20.433333333333334,17.3,20.366666666666667,180.36666666666667,0.7366666666666667,2.2304204451772467,0,10.960131356381735,low
2,16828,509.0,146.3,42.5,1286.12,5.78,14.4,403.5,497.6,1399.25,254.5,643.06,7.2,73.15,21.25,248.8,2.89,1.2301606922126083,0,9.730858867713073,medium
1,16917,814.3,96.1,6.6,219.1,6.2,63.0,409.3,1884.1,1543.11,814.3,219.1,63.0,96.1,6.6,1884.1,6.2,4.592005849378503,0,9.73613342286396,medium
2,35618,1128.6,123.4,60.8,692.82,5.0,22.8,189.1,596.5,1572.49,564.3,346.41,11.4,61.7,30.4,298.25,2.5,3.1378221988427146,0,10.480634482333901,medium
2,47254,257.6,19.9,130.6,638.55,10.3,55.8,79.9,1551.0,1198.02,128.8,319.275,27.9,9.95,65.3,775.5,5.15,19.171817058096416,1,10.763313747429157,low
3,120292,1134.1,129.3,187.7,225.13,10.71,47.4,379.4,786.2,2151.0,378.0333333333333,75.04333333333334,15.799999999999999,43.1,62.56666666666666,262.06666666666666,3.5700000000000003,2.0667718191377498,1,11.697685712406116,high
2,62362,872.3,138.4,174.2,361.68,7.14,74.7,77.0,278.5,1887.24,436.15,180.84,37.35,69.2,87.1,139.25,3.57,3.5705128205128207,0,11.040727429775957,high
2,35128,221.2,73.1,153.2,737.74,7.08,34.0,347.1,21.4,1120.92,110.6,368.87,17.0,36.55,76.6,10.7,3.54,0.06147658718758976,0,10.466782279155884,low
3,138781,466.0,90.9,157.7,840.72,16.57,10.0,416.1,1088.5,1751.79,155.33333333333334,280.24,3.3333333333333335,30.3,52.56666666666666,362.8333333333333,5.523333333333333,2.609685926636298,1,11.840659635648157,high
2,80545,893.6,114.7,133.0,725.58,15.79,6.4,420.4,1951.6,2137.74,446.8,362.79,3.2,57.35,66.5,975.8,7.895,4.631229235880399,1,11.296583728774946,high
2,97180,220.7,26.2,52.1,890.22,6.16,67.0,452.1,738.3,820.15,110.35,445.11,33.5,13.1,26.05,369.15,3.08,1.6294416243654821,0,11.484330498090115,low
2,102958,761.3,75.4,181.4,973.67,18.28,44.4,523.7,714.4,1893.37,380.65,486.835,22.2,37.7,90.7,357.2,9.14,1.3615399275776632,1,11.542086129713129,high
1,148291,513.2,59.8,134.1,212.9,19.06,63.1,300.0,688.2,1627.75,513.2,212.9,63.1,59.8,134.1,688.2,19.06,2.2863787375415283,1,11.90693858196428,high
1,54809,802.0,22.0,112.1,803.32,6.53,22.6,438.1,1041.1,1165.86,802.0,803.32,22.6,22.0,112.1,1041.1,6.53,2.370986107948075,0,10.911627938040162,low
1,131748,198.0,55.1,22.2,1452.55,7.09,30.9,371.5,881.3,875.2,198.0,1452.55,30.9,55.1,22.2,881.3,7.09,2.3659060402684564,0,11.788653876241977,low
3,20287,1065.1,10.2,89.4,874.74,10.11,7.3,112.0,1759.8,1338.68,355.0333333333333,291.58,2.433333333333333,3.4,29.8,586.6,3.3699999999999997,15.573451327433627,0,9.917784857236953,medium
5,23512,1172.2,3.9,92.1,1080.8,18.82,77.1,15.4,1011.0,1564.63,234.44,216.16,15.419999999999998,0.78,18.419999999999998,202.2,3.7640000000000002,61.646341463414636,1,10.065308738667605,medium
2,147414,1167.3,20.3,172.9,605.42,17.53,55.1,170.7,1015.5,1776.41,583.65,302.71,27.55,10.15,86.45,507.75,8.765,5.91438555620268,1,11.901007017467512,high
2,123872,937.1,144.5,109.3,1206.19,2.05,75.0,265.8,276.7,1676.24,468.55,603.095,37.5,72.25,54.65,138.35,1.025,1.0371064467766116,0,11.727012126194182,high
3,108070,286.6,82.4,76.1,1204.8,7.85,24.9,370.3,1965.5,1399.13,95.53333333333335,401.59999999999997,8.299999999999999,27.46666666666667,25.366666666666664,655.1666666666666,2.6166666666666667,5.293563156477242,0,11.590543697516175,medium
2,94767,946.2,144.9,195.4,877.68,11.07,50.9,510.0,499.9,2145.79,473.1,438.84,25.45,72.45,97.7,249.95,5.535,0.9782778864970645,1,11.459187078516747,high
1,112829,175.8,64.9,22.1,1468.82,10.06,55.9,117.7,146.7,879.21,175.8,1468.82,55.9,64.9,22.1,146.7,10.06,1.235888795282224,0,11.633637540132492,low
5,57078,173.2,46.8,84.5,363.22,3.88,28.8,75.3,1326.3,933.41,34.64,72.644,5.76,9.36,16.9,265.26,0.776,17.382699868938403,0,10.95219155216611,low
4,121288,489.8,75.9,8.4,222.03,17.18,68.6,578.1,1190.7,1493.33,122.45,55.5075,17.15,18.975,2.1,297.675,4.295,2.056121567950268,1,11.70593140656616,medium
2,98524,663.1,65.9,148.0,1201.21,13.54,76.0,64.8,830.3,1635.23,331.55,600.605,38.0,32.95,74.0,415.15,6.77,12.618541033434651,1,11.498065602063205,high
1,27219,958.9,15.8,183.6,1249.3,16.76,71.4,287.1,844.4,1676.43,958.9,1249.3,71.4,15.8,183.6,844.4,16.76,2.9309267615411314,1,10.211707276205457,high
4,15235,867.5,96.1,56.0,356.27,17.18,60.4,351.3,1570.1,1905.74,216.875,89.0675,15.1,24.025,14.0,392.525,4.295,4.456713028668748,1,9.631416327598494,high
5,57929,618.2,32.4,171.7,545.26,14.97,25.8,324.8,391.4,1380.82,123.64000000000001,109.05199999999999,5.16,6.4799999999999995,34.339999999999996,78.28,2.994,1.2013505217925107,1,10.96699066409067,medium
4,142309,437.3,92.9,58.4,222.82,8.78,26.1,51.6,1640.5,1413.24,109.325,55.705,6.525,23.225,14.6,410.125,2.195,31.188212927756652,0,11.865763055677705,medium
1,82444,1197.0,97.5,182.2,581.3,12.21,77.3,34.2,1297.5,2157.75,1197.0,581.3,77.3,97.5,182.2,1297.5,12.21,36.86079545454545,1,11.319886683335069,high
4,116834,597.5,22.8,150.8,1205.08,3.21,5.8,63.3,837.9,981.97,149.375,301.27,1.45,5.7,37.7,209.475,0.8025,13.031104199066874,0,11.66851796202216,low
3,99555,624.0,9.2,161.0,873.35,13.47,58.7,351.4,916.1,1357.39,208.0,291.1166666666667,19.566666666666666,3.0666666666666664,53.666666666666664,305.3666666666667,4.49,2.5996027241770716,1,11.508475578896597,medium
4,88698,321.8,117.1,3.6,652.52,3.59,58.0,326.6,513.3,1092.09,80.45,163.13,14.5,29.275,0.9,128.325,0.8975,1.5668498168498166,0,11.39300389427696,low
2,139450,984.6,69.0,192.6,683.26,13.88,51.7,140.2,1504.2,1990.29,492.3,341.63,25.85,34.5,96.3,752.1,6.94,10.652974504249293,1,11.845468564058965,high
2,58925,878.4,8.7,145.3,201.76,4.59,79.3,382.7,1025.7,1245.71,439.2,100.88,39.65,4.35,72.65,512.85,2.295,2.673182173573104,0,10.98403769838583,low
3,102388,381.8,149.2,61.0,589.74,2.35,28.4,492.0,641.7,1372.44,127.26666666666667,196.58,9.466666666666667,49.73333333333333,20.333333333333332,213.9,0.7833333333333333,1.3016227180527384,0,11.536534563942402,medium
1,23007,236.5,8.7,165.9,1040.4,3.31,30.5,24.9,1192.1,903.33,236.5,1040.4,30.5,8.7,165.9,1192.1,3.31,46.027027027027025,0,10.043597260520773,low
2,73596,864.5,104.3,56.3,1466.45,0.04,10.9,298.9,1991.5,1473.01,432.25,733.225,5.45,52.15,28.15,995.75,0.02,6.640546848949651,0,11.206359543016655,medium
5,136101,837.2,147.6,174.6,1301.18,14.37,38.2,413.6,870.5,2195.41,167.44,260.236,7.640000000000001,29.52,34.92,174.1,2.8739999999999997,2.0996140858658947,1,11.821159883608734,high
2,103861,436.9,35.9,22.5,230.67,14.65,24.6,151.4,1841.4,1231.29,218.45,115.335,12.3,17.95,11.25,920.7,7.325,12.082677165354331,1,11.550818373904603,low
2,101740,1148.4,21.3,140.7,1368.13,10.3,30.8,184.7,690.0,1399.25,574.2,684.065,15.4,10.65,70.35,345.0,5.15,3.7156704361873993,1,11.530185647304272,medium
1,30524,308.6,18.2,108.1,1218.16,3.23,67.6,368.2,109.5,737.54,308.6,1218.16,67.6,18.2,108.1,109.5,3.23,0.29658721560130014,0,10.326301298978905,low
4,146149,604.0,45.5,19.3,1214.49,1.67,75.2,538.8,408.5,844.44,151.0,303.6225,18.8,11.375,4.825,102.125,0.4175,0.7567617636161542,0,11.892388770539393,low
2,140501,1140.8,15.2,48.4,795.39,0.38,18.9,486.0,837.4,916.39,570.4,397.695,9.45,7.6,24.2,418.7,0.19,1.7195071868583163,0,11.852977002530068,low
3,35611,590.7,103.8,2.5,717.41,3.31,32.9,349.9,439.3,1066.31,196.9,239.13666666666666,10.966666666666667,34.6,0.8333333333333334,146.43333333333334,1.1033333333333333,1.2519236249643775,0,10.480437938693562,low
4,29060,820.5,9.3,93.8,593.79,17.82,74.6,438.1,0.5,1262.62,205.125,148.4475,18.65,2.325,23.45,0.125,4.455,0.0011386927806877705,1,10.277152348094495,low
5,58303,567.5,76.4,60.3,285.4,4.83,9.6,218.9,1830.0,1299.39,113.5,57.08,1.92,15.280000000000001,12.059999999999999,366.0,0.966,8.321964529331515,0,10.97342598061963,low
1,54711,437.9,149.5,119.7,496.71,7.09,11.9,384.6,1687.8,1822.6,437.9,496.71,11.9,149.5,119.7,1687.8,7.09,4.3770746887966805,0,10.909838342777933,high
5,88340,1183.2,122.1,59.4,520.58,2.11,17.2,279.7,1484.6,1675.6,236.64000000000001,104.11600000000001,3.44,24.419999999999998,11.879999999999999,296.91999999999996,0.422,5.2889205557534735,0,11.388959604986832,high
4,117974,579.8,92.3,60.0,829.3,4.45,49.6,114.0,335.6,1153.58,144.95,207.325,12.4,23.075,15.0,83.9,1.1125,2.9182608695652177,0,11.678228016594588,low
4,82728,1088.8,45.9,148.6,1171.68,10.38,16.3,421.0,240.7,1433.85,272.2,292.92,4.075,11.475,37.15,60.175,2.595,0.5703791469194313,1,11.323325484597575,medium
4,26246,391.5,93.6,9.6,815.95,12.16,77.6,333.9,135.2,1205.19,97.875,203.9875,19.4,23.4,2.4,33.8,3.04,0.4037025977903852,1,10.175306975774374,low
5,142796,373.8,79.1,180.6,275.2,4.91,38.5,215.2,1448.1,1491.35,74.76,55.04,7.7,15.819999999999999,36.12,289.62,0.982,6.6979648473635525,0,11.86917932026358,medium
4,107263,182.7,63.9,170.5,1445.13,1.15,42.6,546.8,1857.6,1321.77,45.675,361.2825,10.65,15.975,42.625,464.4,0.2875,3.391018619934283,0,11.5830483644017,medium
5,26302,834.3,19.6,133.6,1425.54,7.82,23.5,12.6,861.1,1180.29,166.85999999999999,285.108,4.7,3.9200000000000004,26.72,172.22,1.564,63.31617647058824,0,10.17743828010161,low
4,82506,537.0,133.0,118.6,1220.75,4.68,40.3,189.5,238.3,1464.31,134.25,305.1875,10.075,33.25,29.65,59.575,1.17,1.2509186351706036,0,11.320638417208192,medium
3,56157,1057.6,67.5,178.5,1488.73,4.39,54.6,34.1,1024.8,1627.71,352.5333333333333,496.24333333333334,18.2,22.5,59.5,341.59999999999997,1.4633333333333332,29.196581196581192,0,10.935924425529938,medium
4,69917,646.9,29.2,37.1,907.83,19.2,61.3,459.9,697.7,1313.85,161.725,226.9575,15.325,7.3,9.275,174.425,4.8,1.5137773920590152,1,11.155078405801317,low
5,111646,1166.6,55.2,15.8,1451.6,12.33,61.5,421.3,749.6,1440.56,233.32,290.32,12.3,11.040000000000001,3.16,149.92000000000002,2.466,1.7750414397347858,1,11.623097387225265,medium
2,98122,344.8,62.1,47.9,298.29,11.14,48.3,198.8,1242.7,1227.57,172.4,149.145,24.15,31.05,23.95,621.35,5.57,6.21971971971972,1,11.493977072711385,low
4,39519,1062.1,124.1,158.9,675.38,8.32,72.8,405.4,1437.4,2135.43,265.525,168.845,18.2,31.025,39.725,359.35,2.08,3.536909448818898,0,10.584562151861805,high
2,95910,965.4,110.0,6.9,493.0,8.58,66.3,237.6,221.2,1416.13,482.7,246.5,33.15,55.0,3.45,110.6,4.29,0.9270746018440905,0,11.471175957109097,medium
3,135430,959.5,115.4,116.6,454.58,10.82,61.8,453.8,71.2,1738.52,319.8333333333333,151.52666666666667,20.599999999999998,38.46666666666667,38.86666666666667,23.733333333333334,3.606666666666667,0.15655233069481092,1,11.816217564510511,high
1,86324,1037.0,1.7,199.1,383.04,13.93,9.2,272.5,1988.7,1700.11,1037.0,383.04,9.2,1.7,199.1,1988.7,13.93,7.271297989031079,1,11.365874522258194,high
3,20408,949.1,62.4,171.1,1009.14,14.04,5.5,247.4,465.5,1622.11,316.3666666666667,336.38,1.8333333333333333,20.8,57.03333333333333,155.16666666666666,4.68,1.8739935587761674,1,9.92373125901317,medium
4,74379,807.5,72.2,104.3,1215.72,3.43,20.9,560.8,107.7,1161.14,201.875,303.93,5.225,18.05,26.075,26.925,0.8575,0.1917052331790673,0,11.216942367479062,low
2,40053,287.8,2.9,12.7,951.79,10.0,54.8,150.5,379.8,619.68,143.9,475.895,27.4,1.45,6.35,189.9,5.0,2.506930693069307,0,10.59798382266537,low
2,146994,184.2,39.0,166.3,391.05,8.24,35.8,72.3,77.9,975.98,92.1,195.525,17.9,19.5,83.15,38.95,4.12,1.062755798090041,0,11.898153851576955,low
5,113723,1116.9,114.0,119.8,1254.46,17.41,35.2,350.7,783.6,2061.78,223.38000000000002,250.892,7.040000000000001,22.8,23.96,156.72,3.482,2.228035257321581,1,11.641529739258194,high
2,66356,797.5,20.6,23.0,1026.74,12.63,71.3,581.6,1604.8,1324.1,398.75,513.37,35.65,10.3,11.5,802.4,6.315,2.754548575351871,1,11.10280453532587,medium
5,25789,986.4,80.3,18.8,704.62,10.65,72.2,226.7,682.5,1449.07,197.28,140.924,14.440000000000001,16.06,3.7600000000000002,136.5,2.13,2.9973649538866933,1,10.15774209887539,medium
1,112720,655.6,32.3,181.9,1076.37,2.31,73.2,37.2,888.4,1232.78,655.6,1076.37,73.2,32.3,181.9,888.4,2.31,23.2565445026178,0,11.63267101807331,low
4,81656,273.2,1.8,133.8,537.88,12.11,28.5,203.6,1351.2,1088.36,68.3,134.47,7.125,0.45,33.45,337.8,3.0275,6.604105571847508,1,11.310282826505848,low
5,59028,281.4,36.2,165.9,648.75,2.34,56.8,303.6,1017.8,1080.29,56.279999999999994,129.75,11.36,7.24,33.18,203.56,0.46799999999999997,3.341431385423506,0,10.985784127552533,low
1,79484,869.8,146.4,175.8,1392.73,6.74,25.4,97.2,1722.9,2111.87,869.8,1392.73,25.4,146.4,175.8,1722.9,6.74,17.54480651731161,0,11.283323603594972,high
2,47154,601.8,120.2,114.4,577.66,2.86,19.3,394.9,1732.1,1631.94,300.9,288.83,9.65,60.1,57.2,866.05,1.43,4.3750947208891136,0,10.761195326977985,high
2,17336,360.6,143.9,103.5,810.98,13.84,18.8,598.6,19.8,1616.72,180.3,405.49,9.4,71.95,51.75,9.9,6.92,0.03302201467645097,1,9.760598224985888,medium
1,118677,666.2,73.2,86.1,1357.18,4.13,30.7,271.0,1556.1,1354.32,666.2,1357.18,30.7,73.2,86.1,1556.1,4.13,5.720955882352941,0,11.684169222223664,medium
2,82779,217.4,16.5,63.4,1120.04,7.84,37.2,212.8,921.5,799.07,108.7,560.02,18.6,8.25,31.7,460.75,3.92,4.310102899906455,0,11.323941765302724,low
1,34029,761.1,82.2,86.9,280.86,17.91,67.3,240.4,1977.7,1959.6,761.1,280.86,67.3,82.2,86.9,1977.7,17.91,8.192626346313173,1,10.434997767494952,high
5,74201,432.4,68.2,154.8,391.49,4.09,14.0,69.1,966.5,1226.71,86.47999999999999,78.298,2.8,13.64,30.96,193.3,0.818,13.787446504992868,0,11.214546382970113,low
5,47265,987.4,126.7,120.4,210.19,10.16,60.1,530.0,1973.8,2170.02,197.48,42.038,12.02,25.34,24.080000000000002,394.76,2.032,3.71713747645951,1,10.763546499940231,high
1,117916,475.9,14.7,178.5,1020.2,8.39,44.9,248.9,1509.1,1307.94,475.9,1020.2,44.9,14.7,178.5,1509.1,8.39,6.038815526210484,0,11.677736266122603,low
5,61197,628.0,73.2,88.7,781.98,0.36,26.6,232.4,497.2,1028.48,125.6,156.39600000000002,5.32,14.64,17.740000000000002,99.44,0.072,2.130248500428449,0,11.02186978822786,low
5,140733,162.2,22.5,121.4,374.56,15.86,42.0,395.8,1076.8,1213.11,32.44,74.912,8.4,4.5,24.28,215.35999999999999,3.1719999999999997,2.7137096774193545,1,11.854626862808454,low
5,86907,226.1,48.7,126.3,1445.31,1.38,27.5,265.2,1984.3,1135.5,45.22,289.062,5.5,9.74,25.259999999999998,396.86,0.27599999999999997,7.454169797145004,0,11.372605366855131,low
3,143876,562.1,110.6,118.3,888.56,9.49,49.7,388.9,1715.1,1803.45,187.36666666666667,296.18666666666667,16.566666666666666,36.86666666666667,39.43333333333333,571.6999999999999,3.1633333333333336,4.398820210310336,0,11.876714046883258,high
4,79435,653.9,71.4,140.5,514.46,11.21,37.5,36.9,194.7,1386.49,163.475,128.615,9.375,17.85,35.125,48.675,2.8025,5.137203166226913,1,11.282706944984055,medium
2,55631,780.0,56.4,47.5,850.78,12.57,17.3,488.2,1412.7,1419.12,390.0,425.39,8.65,28.2,23.75,706.35,6.285,2.887775960752249,1,10.926513854247643,medium
3,144038,456.2,59.2,102.5,1083.51,13.77,13.7,564.3,691.2,1320.15,152.06666666666666,361.17,4.566666666666666,19.733333333333334,34.166666666666664,230.4,4.59,1.2227136033964268,1,11.877839375222745,medium
5,35103,879.7,68.9,20.8,299.11,5.07,46.0,389.3,14.0,1037.08,175.94,59.822,9.2,13.780000000000001,4.16,2.8,1.014,0.03586984370996669,0,10.466070363074957,low
1,79772,1053.1,117.8,76.9,557.11,0.2,72.7,572.7,807.0,1583.3,1053.1,557.11,72.7,117.8,76.9,807.0,0.2,1.4066585323339724,0,11.286940380321361,medium
5,141108,968.8,133.8,97.5,1249.06,14.47,30.8,90.9,469.5,1882.72,193.76,249.81199999999998,6.16,26.76,19.5,93.9,2.894,5.108813928182807,1,11.857287920356722,high
4,29382,191.6,143.3,130.4,797.56,10.71,60.0,286.4,1637.7,1877.71,47.9,199.39,15.0,35.825,32.6,409.425,2.6775,5.698329853862213,1,10.28817155479407,high
5,99291,654.5,118.0,190.1,910.55,16.72,54.4,361.1,674.7,2048.5,130.9,182.10999999999999,10.879999999999999,23.6,38.019999999999996,134.94,3.344,1.8632974316487159,1,11.505820282840181,high
1,116195,260.2,47.3,120.1,762.66,16.43,74.9,349.0,1655.0,1563.88,260.2,762.66,74.9,47.3,120.1,1655.0,16.43,4.728571428571429,1,11.66303369939953,medium
4,149828,404.1,103.2,148.7,257.07,16.87,66.6,240.9,1.2,1656.01,101.025,64.2675,16.65,25.8,37.175,0.3,4.2175,0.004960727573377429,1,11.917249922784123,high
5,35609,1186.0,65.6,101.3,415.47,9.7,47.5,202.9,615.6,1559.9,237.2,83.09400000000001,9.5,13.12,20.259999999999998,123.12,1.94,3.019127023050515,0,10.480381776271823,medium
4,90683,299.6,38.2,126.8,779.2,6.67,54.3,76.1,482.3,997.51,74.9,194.8,13.575,9.55,31.7,120.575,1.6675,6.2555123216601825,0,11.41513621480872,low
2,139714,673.8,126.1,14.2,471.94,15.83,72.4,235.0,467.1,1650.43,336.9,235.97,36.2,63.05,7.1,233.55,7.915,1.9792372881355933,1,11.847359912423011,high
2,145330,799.1,5.8,50.9,264.97,9.03,35.0,97.6,136.4,823.23,399.55,132.485,17.5,2.9,25.45,68.2,4.515,1.3833671399594323,0,11.886769178488306,low
5,86315,887.6,135.3,72.4,1296.74,3.67,29.5,440.6,374.2,1517.71,177.52,259.348,5.9,27.060000000000002,14.48,74.84,0.734,0.847373188405797,0,11.365770259655356,medium
4,92834,737.6,69.2,94.5,1475.55,17.1,5.8,125.3,1111.1,1589.26,184.4,368.8875,1.45,17.3,23.625,277.775,4.275,8.797307996832936,1,11.438579002841571,medium
1,141205,160.3,95.6,9.1,1231.09,17.65,67.0,35.1,582.7,1306.7,160.3,1231.09,67.0,95.6,9.1,582.7,17.65,16.141274238227147,1,11.857975096056327,low
5,29153,492.8,98.9,28.0,1309.92,9.33,65.1,331.4,834.8,1353.21,98.56,261.98400000000004,13.02,19.78,5.6,166.95999999999998,1.866,2.5114320096269553,0,10.280347403633957,medium
2,91325,693.6,134.3,55.4,514.57,1.51,12.8,357.1,753.7,1369.3,346.8,257.285,6.4,67.15,27.7,376.85,0.755,2.1047193521362746,0,11.422190801507721,medium
2,70318,242.3,95.5,194.3,1448.82,7.76,48.3,523.1,1751.8,1735.38,121.15,724.41,24.15,47.75,97.15,875.9,3.88,3.3424918908605226,0,11.160797311552596,high
5,146886,518.2,92.1,66.3,456.0,16.07,39.8,346.2,1810.6,1741.35,103.64000000000001,91.2,7.959999999999999,18.419999999999998,13.26,362.12,3.214,5.214861751152074,1,11.897418862670783,high
4,130033,184.9,10.0,96.4,1436.86,18.04,13.9,207.3,985.9,1072.63,46.225,359.215,3.475,2.5,24.1,246.475,4.51,4.7330772923667785,1,11.775551233704036,low
2,91077,232.5,77.8,39.2,1493.27,4.07,78.5,481.8,660.3,1020.69,116.25,746.635,39.25,38.9,19.6,330.15,2.035,1.3676470588235292,0,11.41947156121897,low
4,105474,566.8,22.5,122.2,1125.24,1.34,21.1,324.2,213.6,781.91,141.7,281.31,5.275,5.625,30.55,53.4,0.335,0.6568265682656826,0,11.56622923699254,low
2,148515,289.4,110.6,56.1,1475.49,17.55,10.0,47.6,1906.8,1698.64,144.7,737.745,5.0,55.3,28.05,953.4,8.775,39.23456790123456,1,11.908447975528656,high
2,88319,745.9,76.8,41.4,940.4,7.79,49.6,339.5,120.5,1166.68,372.95,470.2,24.8,38.4,20.7,60.25,3.895,0.35389133627019087,0,11.388721861510922,low
3,140885,873.9,102.0,103.3,537.4,10.84,60.4,544.8,595.3,1707.82,291.3,179.13333333333333,20.133333333333333,34.0,34.43333333333333,198.4333333333333,3.6133333333333333,1.090692561377794,1,11.855706331701002,high
2,124777,990.6,6.3,1.1,768.09,19.36,7.4,237.8,596.1,1120.67,495.3,384.045,3.7,3.15,0.55,298.05,9.68,2.4962311557788945,1,11.734291437326675,low
1,32368,360.2,12.7,1.5,971.63,1.33,54.4,177.8,640.8,493.67,360.2,971.63,54.4,12.7,1.5,640.8,1.33,3.583892617449664,0,10.38495645364112,low
5,106751,325.9,107.4,43.8,295.01,12.97,44.9,86.1,328.6,1308.06,65.17999999999999,59.001999999999995,8.98,21.48,8.76,65.72,2.5940000000000003,3.7726750861079226,1,11.578263666278364,low
5,42306,259.8,10.8,7.3,1009.05,1.48,12.7,90.9,1566.3,554.08,51.96,201.81,2.54,2.16,1.46,313.26,0.296,17.043525571273122,0,10.652707835976868,low
4,52219,818.3,10.7,21.6,1475.53,7.51,17.9,259.7,245.0,752.98,204.575,368.8825,4.475,2.675,5.4,61.25,1.8775,0.9397775220560031,0,10.86322084225312,low
2,75279,891.8,1.8,67.8,447.14,16.08,47.6,357.4,1269.8,1333.49,445.9,223.57,23.8,0.9,33.9,634.9,8.04,3.54296875,1,11.22896977425926,medium
1,68028,183.2,143.5,160.5,1230.37,8.67,27.2,48.4,247.7,1542.62,183.2,1230.37,27.2,143.5,160.5,247.7,8.67,5.01417004048583,0,11.127689363833744,medium
4,119263,1133.0,110.6,114.4,1380.27,19.94,75.4,563.7,141.1,2074.27,283.25,345.0675,18.85,27.65,28.6,35.275,4.985,0.249867186116522,1,11.689094802278985,high
3,15126,204.6,53.0,102.5,1426.81,11.18,66.4,453.1,1818.9,1413.93,68.2,475.6033333333333,22.133333333333336,17.666666666666668,34.166666666666664,606.3000000000001,3.7266666666666666,4.005505395287382,1,9.6242365055622,medium
4,67329,718.4,44.5,58.7,1448.18,6.42,78.8,352.0,380.3,1090.55,179.6,362.045,19.7,11.125,14.675,95.075,1.605,1.0773371104815865,0,11.117361181539327,low
4,42632,894.5,52.5,186.4,877.9,4.4,24.5,497.1,1642.5,1604.34,223.625,219.475,6.125,13.125,46.6,410.625,1.1,3.2975306163420997,0,10.660383880259971,medium
2,124945,1064.5,116.2,79.4,1470.5,7.01,77.7,48.1,1089.3,1785.73,532.25,735.25,38.85,58.1,39.7,544.65,3.505,22.185336048879837,0,11.735636922945556,high
3,70176,899.8,99.2,17.4,1184.5,7.45,37.3,286.1,155.7,1264.82,299.93333333333334,394.8333333333333,12.433333333333332,33.06666666666667,5.8,51.9,2.4833333333333334,0.5423197492163009,0,11.158775901002087,low
4,149869,991.8,27.8,123.4,410.17,1.37,31.1,378.1,1910.9,1339.49,247.95,102.5425,7.775,6.95,30.85,477.725,0.3425,5.040622527037721,0,11.917523530639041,medium
1,49560,506.4,26.1,22.8,819.97,7.39,8.8,497.2,493.9,756.62,506.4,819.97,8.8,26.1,22.8,493.9,7.39,0.9913689281413087,0,10.810959513102064,low
1,91589,1005.6,14.8,69.0,1133.83,9.28,9.0,470.1,1719.3,1295.87,1005.6,1133.83,9.0,14.8,69.0,1719.3,9.28,3.6495436213118233,0,11.425077374397032,low
5,37116,234.1,99.0,101.5,521.54,14.45,56.9,166.2,337.6,1428.97,46.82,104.30799999999999,11.379999999999999,19.8,20.3,67.52000000000001,2.8899999999999997,2.0191387559808613,1,10.521830364668592,medium
3,147717,1089.6,114.7,174.8,1032.8,13.13,39.3,564.5,1707.9,2269.47,363.2,344.26666666666665,13.1,38.233333333333334,58.26666666666667,569.3000000000001,4.376666666666667,3.020159151193634,1,11.903060329746765,high
3,139085,725.0,39.8,98.7,1066.58,14.18,22.0,74.6,26.5,1175.45,241.66666666666666,355.52666666666664,7.333333333333333,13.266666666666666,32.9,8.833333333333334,4.726666666666667,0.3505291005291006,1,11.842847725829749,low
5,132718,1008.2,3.1,140.5,411.51,0.17,51.0,525.1,1023.6,1101.06,201.64000000000001,82.30199999999999,10.2,0.62,28.1,204.72,0.034,1.9456377114616992,0,11.795989390176507,low
4,34256,624.9,12.3,198.6,934.61,4.35,24.0,582.6,1538.9,1292.51,156.225,233.6525,6.0,3.075,49.65,384.725,1.0875,2.6369088416723785,0,10.441646202369757,low
3,115158,825.8,145.2,26.3,1203.11,13.23,48.3,106.3,1869.6,1987.25,275.26666666666665,401.03666666666663,16.099999999999998,48.4,8.766666666666667,623.1999999999999,4.41,17.42404473438956,1,11.654069061117726,high
1,134719,702.7,44.3,54.9,848.56,9.68,31.9,433.2,1818.4,1361.1,702.7,848.56,31.9,44.3,54.9,1818.4,9.68,4.187931828650392,0,11.810953829476153,medium
1,83244,918.2,115.4,78.9,215.73,0.11,66.8,24.2,1639.2,1616.86,918.2,215.73,66.8,115.4,78.9,1639.2,0.11,65.04761904761905,0,11.329543345978953,medium
2,71264,235.7,93.7,84.4,211.75,16.09,66.6,243.3,1776.4,1706.89,117.85,105.875,33.3,46.85,42.2,888.2,8.045,7.2713876381498155,1,11.174160602289131,high
3,72545,213.4,57.3,82.2,664.14,15.46,40.8,309.8,398.4,1177.48,71.13333333333334,221.38,13.6,19.099999999999998,27.400000000000002,132.79999999999998,5.153333333333333,1.2818532818532817,1,11.191976122402302,low
4,54224,409.5,30.9,181.5,1404.05,10.97,31.3,348.4,568.4,1246.47,102.375,351.0125,7.825,7.725,45.375,142.1,2.7425,1.6267887807670292,1,10.900897335695076,low
5,112945,317.5,18.2,142.8,497.28,1.33,32.2,561.6,577.9,813.53,63.5,99.45599999999999,6.44,3.6399999999999997,28.560000000000002,115.58,0.266,1.027195165303946,0,11.634665107369107,low
5,28224,1065.4,92.3,121.6,1024.67,15.33,65.4,403.4,754.1,1926.68,213.08,204.93400000000003,13.080000000000002,18.46,24.32,150.82,3.066,1.8647378832838775,1,10.247963389017864,high
4,55738,380.2,116.2,61.9,488.7,11.67,29.6,288.8,786.6,1462.49,95.05,122.175,7.4,29.05,15.475,196.65,2.9175,2.7142857142857144,1,10.92843536043726,medium
2,78731,1174.7,96.6,164.8,618.17,15.64,20.7,485.8,1089.1,2094.4,587.35,309.085,10.35,48.3,82.4,544.55,7.82,2.237263763352506,1,11.273804959132878,high
5,23070,503.7,79.5,191.0,1302.45,15.03,11.4,570.3,319.8,1611.09,100.74,260.49,2.2800000000000002,15.9,38.2,63.96,3.006,0.5597759495886575,1,10.046331696565609,medium
3,141161,341.2,6.3,164.2,1147.52,16.06,40.0,13.2,1382.5,1327.21,113.73333333333333,382.50666666666666,13.333333333333334,2.1,54.73333333333333,460.8333333333333,5.353333333333333,97.35915492957747,1,11.857663446008473,medium
2,23666,979.2,145.3,0.3,324.02,10.36,41.2,589.5,335.1,1649.79,489.6,162.01,20.6,72.65,0.15,167.55,5.18,0.5674851820491109,1,10.0718369517632,high
3,72761,841.6,119.8,127.3,757.31,2.81,68.1,51.7,620.6,1602.16,280.53333333333336,252.43666666666664,22.7,39.93333333333333,42.43333333333333,206.86666666666667,0.9366666666666666,11.776091081593927,0,11.194949119884846,medium
1,51368,673.1,43.9,10.2,237.92,13.42,21.6,488.6,1006.7,1174.91,673.1,237.92,21.6,43.9,10.2,1006.7,13.42,2.056168300653595,1,10.84679015665708,low
2,56914,733.1,147.0,51.5,825.16,12.41,33.6,168.2,1592.9,1920.12,366.55,412.58,16.8,73.5,25.75,796.45,6.205,9.414302600472814,1,10.949314205759316,high
5,142738,905.2,90.3,11.9,1061.16,14.85,65.6,79.3,1478.9,1693.58,181.04000000000002,212.23200000000003,13.12,18.06,2.38,295.78000000000003,2.9699999999999998,18.41718555417186,1,11.868773066755807,high
2,82526,389.9,87.4,120.8,354.05,3.4,66.8,263.9,1291.1,1388.27,194.95,177.025,33.4,43.7,60.4,645.55,1.7,4.873914684786712,0,11.320880791508008,medium
2,34956,1196.2,112.2,137.3,575.55,3.9,33.8,386.4,311.5,1670.98,598.1,287.775,16.9,56.1,68.65,155.75,1.95,0.8040784718637068,0,10.461874013730402,high
2,61240,1173.5,121.8,22.9,717.19,17.81,39.4,228.6,1094.1,1969.99,586.75,358.595,19.7,60.9,11.45,547.05,8.905,4.765243902439024,1,11.022572178834904,high
2,136008,832.8,98.5,76.8,1395.39,15.0,27.7,32.7,174.9,1538.09,416.4,697.695,13.85,49.25,38.4,87.45,7.5,5.189910979228486,1,11.820476338999212,medium
3,109270,359.5,19.2,91.2,1491.23,18.16,74.9,359.7,754.7,1264.4,119.83333333333333,497.07666666666665,24.96666666666667,6.3999999999999995,30.400000000000002,251.5666666666667,6.053333333333334,2.0923204879401167,1,11.601586314165635,low
1,19757,864.2,50.7,73.8,258.38,15.17,13.9,541.4,827.0,1441.14,864.2,258.38,13.9,50.7,73.8,827.0,15.17,1.5247050147492627,1,9.89131375160442,medium
4,34097,225.8,139.2,24.2,1189.31,11.94,75.0,229.9,79.6,1380.94,56.45,297.3275,18.75,34.8,6.05,19.9,2.985,0.34473798181030746,1,10.436994010525176,medium
2,118892,182.2,33.7,83.8,683.24,13.08,56.3,129.8,548.0,1019.43,91.1,341.62,28.15,16.85,41.9,274.0,6.54,4.18960244648318,1,11.685979207943268,low
5,85480,420.6,55.8,150.2,710.2,17.78,44.9,265.5,1911.3,1769.57,84.12,142.04000000000002,8.98,11.16,30.04,382.26,3.556,7.171857410881801,1,11.356049408007612,high
2,61163,635.8,64.8,14.2,1180.54,11.58,7.4,29.0,1907.3,1336.13,317.9,590.27,3.7,32.4,7.1,953.65,5.79,63.57666666666667,1,11.021314060128041,medium
5,34816,1061.7,65.9,16.0,1393.95,12.65,40.7,492.3,704.7,1422.89,212.34,278.79,8.14,13.180000000000001,3.2,140.94,2.5300000000000002,1.4285424690857491,1,10.457861052229605,medium
3,67853,913.5,91.9,71.0,1436.21,3.13,35.6,495.8,86.2,1241.28,304.5,478.7366666666667,11.866666666666667,30.633333333333336,23.666666666666668,28.733333333333334,1.0433333333333332,0.17351046698872785,0,11.125113617099382,low
5,111731,929.8,141.5,188.3,950.26,9.48,17.1,352.8,358.2,1959.56,185.95999999999998,190.052,3.4200000000000004,28.3,37.660000000000004,71.64,1.8960000000000001,1.0124364047484453,0,11.62385842567653,high
4,77823,596.8,36.1,133.7,664.26,14.33,54.2,211.9,784.4,1402.98,149.2,166.065,13.55,9.025,33.425,196.1,3.5825,3.684358853922029,1,11.262205145885785,medium
1,16759,513.2,18.2,135.7,1223.81,5.42,77.8,479.9,1895.6,1316.98,513.2,1223.81,77.8,18.2,135.7,1895.6,5.42,3.9417758369723437,0,9.726750374036074,low
5,107374,539.6,29.6,72.4,526.3,4.05,47.2,332.8,282.4,827.29,107.92,105.25999999999999,9.440000000000001,5.92,14.48,56.48,0.8099999999999999,0.8460155781905332,0,11.584082659286556,low
5,148554,1187.0,133.0,118.7,933.3,6.28,58.6,495.6,1527.0,2086.41,237.4,186.66,11.72,26.6,23.740000000000002,305.4,1.256,3.0749093838099073,0,11.908710539025087,high
1,39442,192.1,96.9,2.0,666.15,4.83,10.1,378.9,217.4,822.35,192.1,666.15,10.1,96.9,2.0,217.4,4.83,0.5722558568044223,0,10.582611870732505,low
4,108501,1060.4,42.9,127.2,1053.62,4.3,36.3,470.6,1962.5,1563.51,265.1,263.405,9.075,10.725,31.8,490.625,1.075,4.16136556403732,0,11.594523884972485,medium
2,17079,757.6,122.4,182.7,512.52,8.5,13.7,359.1,763.2,1819.33,378.8,256.26,6.85,61.2,91.35,381.6,4.25,2.1194112746459317,0,9.745663467342562,high
5,148789,610.5,129.2,122.5,449.07,18.16,51.0,248.5,1550.5,2124.25,122.1,89.814,10.2,25.839999999999996,24.5,310.1,3.632,6.214428857715431,1,11.910291194821744,high
1,74676,911.5,127.0,174.7,1393.71,10.14,75.4,574.8,685.2,2048.97,911.5,1393.71,75.4,127.0,174.7,685.2,10.14,1.1899965265717265,1,11.220927425450801,high
3,105397,661.0,137.8,144.8,332.34,3.76,54.6,324.7,1255.3,1810.18,220.33333333333334,110.77999999999999,18.2,45.93333333333334,48.26666666666667,418.43333333333334,1.2533333333333332,3.854160270187289,0,11.565498939577298,high
1,87847,1067.1,37.8,24.1,857.75,1.54,10.8,363.1,384.0,868.06,1067.1,857.75,10.8,37.8,24.1,384.0,1.54,1.0546553144740456,0,11.383363327277548,low
3,108607,1095.7,113.3,180.5,487.11,13.92,31.6,132.3,292.0,1974.91,365.23333333333335,162.37,10.533333333333333,37.766666666666666,60.166666666666664,97.33333333333333,4.64,2.190547636909227,1,11.595500348593898,high
4,79077,592.8,69.1,13.3,250.61,7.66,46.3,375.4,1876.1,1327.93,148.2,62.6525,11.575,17.275,3.325,469.025,1.915,4.98432518597237,0,11.27818998612002,medium
2,53258,440.7,126.3,106.8,246.82,16.44,35.2,343.0,1835.3,1990.01,220.35,123.41,17.6,63.15,53.4,917.65,8.22,5.335174418604651,1,10.882922083374908,high
1,134771,772.0,109.3,28.4,427.79,13.19,67.5,110.9,1774.9,1795.1,772.0,427.79,67.5,109.3,28.4,1774.9,13.19,15.861483467381591,1,11.811339740751036,high
5,53000,1108.0,116.5,2.3,1326.8,15.92,66.1,35.8,1250.9,1876.98,221.6,265.36,13.219999999999999,23.3,0.45999999999999996,250.18,3.184,33.99184782608696,1,10.87806606028079,high
4,41737,371.2,98.4,84.4,567.22,5.44,50.9,362.6,1616.5,1452.41,92.8,141.805,12.725,24.6,21.1,404.125,1.36,4.445819581958196,0,10.639167263814777,medium
1,26485,804.1,26.6,59.0,1435.6,13.85,33.0,458.2,138.1,1113.22,804.1,1435.6,33.0,26.6,59.0,138.1,13.85,0.3007404181184669,1,10.18437157048691,low
5,53565,813.1,81.8,97.2,956.11,5.28,24.2,314.0,669.6,1339.76,162.62,191.222,4.84,16.36,19.44,133.92000000000002,1.056,2.125714285714286,0,10.888669817429331,medium
1,134614,919.8,147.7,115.4,767.6,18.78,12.9,136.1,627.4,2095.79,919.8,767.6,12.9,147.7,115.4,627.4,18.78,4.5762217359591535,1,11.810174131291221,high
3,80155,288.1,140.6,8.7,954.12,12.73,31.6,399.9,1271.3,1565.69,96.03333333333335,318.04,10.533333333333333,46.86666666666667,2.9,423.76666666666665,4.243333333333333,3.1711149912696435,1,11.291730014874034,medium
1,67487,901.6,6.5,24.6,871.71,6.49,36.0,48.1,711.9,848.24,901.6,871.71,36.0,6.5,24.6,711.9,6.49,14.498981670061099,0,11.1197050832785,low
1,144948,1104.5,24.7,111.7,1186.41,5.39,55.7,265.1,297.0,1175.92,1104.5,1186.41,55.7,24.7,111.7,297.0,5.39,1.1161217587373167,0,11.884137235395338,low
1,27342,338.7,19.8,68.6,567.24,3.82,54.4,98.0,1192.9,843.46,338.7,567.24,54.4,19.8,68.6,1192.9,3.82,12.049494949494951,0,10.216215833592425,low
